COPY concept (concept_id, concept_name, domain_id, vocabulary_id, concept_class_id, standard_concept, concept_code, valid_start_date, valid_end_date, invalid_reason) FROM stdin;
200962	Primary malignant neoplasm of prostate	Condition	SNOMED	Clinical Finding	S	93974005	1970-01-01	2099-12-31	\N
197804	Primary malignant neoplasm of intra-abdominal organs	Condition	SNOMED	Clinical Finding	S	93839008	1970-01-01	2099-12-31	\N
1406289	Malignant neoplasm of prostate	Condition	ICD10CN	ICD10 Hierarchy	\N	C61	2016-01-01	2099-12-31	\N
1406290	Malignant neoplasm of prostate	Condition	ICD10CN	ICD10 code	\N	C61.x00	2016-01-01	2099-12-31	\N
3104949	Carcinoma of prostate	Condition	Nebraska Lexicon	Clinical Finding	\N	154531004	2002-01-31	2017-07-31	U
3225108	Diffuse non-Hodgkin's lymphoma of prostate	Condition	Nebraska Lexicon	Clinical Finding	\N	448213004	2011-07-31	2099-12-31	\N
3308258	Small cell carcinoma of prostate	Condition	Nebraska Lexicon	Clinical Finding	\N	396198006	2003-07-31	2099-12-31	\N
3319817	Non-Hodgkin's lymphoma of prostate	Condition	Nebraska Lexicon	Clinical Finding	\N	449318001	2011-07-31	2099-12-31	\N
3363359	Follicular non-Hodgkin's lymphoma of prostate	Condition	Nebraska Lexicon	Clinical Finding	\N	448217003	2011-07-31	2099-12-31	\N
3372775	Carcinoma of prostate	Condition	Nebraska Lexicon	Clinical Finding	\N	254900004	2002-07-31	2099-12-31	\N
3375730	Endometrioid carcinoma of prostate	Condition	Nebraska Lexicon	Clinical Finding	\N	278060005	2002-07-31	2099-12-31	\N
3406450	Primary malignant neoplasm of prostate metastatic to bone	Condition	Nebraska Lexicon	Clinical Finding	\N	712849003	2016-01-31	2099-12-31	\N
3406562	Primary malignant neoplasm of prostate	Condition	Nebraska Lexicon	Clinical Finding	\N	93974005	2002-01-31	2099-12-31	\N
3414740	Adenocarcinoma of prostate	Condition	Nebraska Lexicon	Clinical Finding	\N	399490008	2003-07-31	2099-12-31	\N
4082919	Endometrioid carcinoma of prostate	Condition	SNOMED	Clinical Finding	S	278060005	1970-01-01	2099-12-31	\N
4116087	Carcinoma of prostate	Condition	SNOMED	Clinical Finding	S	254900004	1970-01-01	2099-12-31	\N
4161028	Adenocarcinoma of prostate	Condition	SNOMED	Clinical Finding	S	399490008	1970-01-01	2099-12-31	\N
4288534	Small cell carcinoma of prostate	Condition	SNOMED	Clinical Finding	S	396198006	1970-01-01	2099-12-31	\N
35206266	Malignant neoplasm of prostate	Condition	ICD10CM	3-char billing code	\N	C61	2007-01-01	2099-12-31	\N
36517339	ALK positive large B-cell lymphoma of prostate gland	Condition	ICDO3	ICDO Condition	S	9737/3-C61.9	2015-09-18	2099-12-31	\N
36517801	Superficial spreading adenocarcinoma of prostate gland	Condition	ICDO3	ICDO Condition	S	8143/3-C61.9	2015-09-18	2099-12-31	\N
36518000	Precursor T-cell lymphoblastic leukemia of prostate gland	Condition	ICDO3	ICDO Condition	S	9837/3-C61.9	2015-09-18	2099-12-31	\N
36519069	Schneiderian carcinoma of prostate gland	Condition	ICDO3	ICDO Condition	S	8121/3-C61.9	2015-09-18	2099-12-31	\N
36519105	Rhabdomyosarcoma, NOS, of prostate gland	Condition	ICDO3	ICDO Condition	S	8900/3-C61.9	2015-09-18	2099-12-31	\N
36519333	Solitary fibrous tumor, malignant of prostate gland	Condition	ICDO3	ICDO Condition	S	8815/3-C61.9	2015-09-18	2099-12-31	\N
36519743	Adenocarcinoma in tubulovillous adenoma of prostate gland	Condition	ICDO3	ICDO Condition	S	8263/3-C61.9	2015-09-18	2099-12-31	\N
36520178	Neuroendocrine tumor, NOS, of prostate gland	Condition	ICDO3	ICDO Condition	S	8240/3-C61.9	2015-09-18	2099-12-31	\N
36520216	Cloacogenic carcinoma of prostate gland	Condition	ICDO3	ICDO Condition	S	8124/3-C61.9	2015-09-18	2099-12-31	\N
36520903	Adenocarcinoma with cartilaginous and osseous metaplasia of prostate gland	Condition	ICDO3	ICDO Condition	S	8571/3-C61.9	2015-09-18	2099-12-31	\N
36521407	B lymphoblastic leukemia/lymphoma with t(12;21)(p13;q22); TEL-AML1 (ETV6-RUNX1) of prostate gland	Condition	ICDO3	ICDO Condition	S	9814/3-C61.9	2015-09-18	2099-12-31	\N
36522370	Fibrosarcoma, NOS, of prostate gland	Condition	ICDO3	ICDO Condition	S	8810/3-C61.9	2015-09-18	2099-12-31	\N
36522940	Malignant fibrous histiocytoma of prostate gland	Condition	ICDO3	ICDO Condition	S	8830/3-C61.9	2015-09-18	2099-12-31	\N
36524219	B lymphoblastic leukemia/lymphoma with t(1;19)(q23;p13.3); E2A-PBX1 (TCF3-PBX1) of prostate gland	Condition	ICDO3	ICDO Condition	S	9818/3-C61.9	2015-09-18	2099-12-31	\N
36524677	Spindle cell carcinoma, NOS, of prostate gland	Condition	ICDO3	ICDO Condition	S	8032/3-C61.9	2015-09-18	2099-12-31	\N
36525240	Rhabdoid tumor, NOS, of prostate gland	Condition	ICDO3	ICDO Condition	S	8963/3-C61.9	2015-09-18	2099-12-31	\N
36525551	Malignant tumor, spindle cell type of prostate gland	Condition	ICDO3	ICDO Condition	S	8004/3-C61.9	2015-09-18	2099-12-31	\N
36525831	Mixed type rhabdomyosarcoma of prostate gland	Condition	ICDO3	ICDO Condition	S	8902/3-C61.9	2015-09-18	2099-12-31	\N
36526468	Sarcoma, NOS, of prostate gland	Condition	ICDO3	ICDO Condition	S	8800/3-C61.9	2015-09-18	2099-12-31	\N
36526522	Malignant tumor, small cell type of prostate gland	Condition	ICDO3	ICDO Condition	S	8002/3-C61.9	2015-09-18	2099-12-31	\N
36527397	Neuroblastoma, NOS, of prostate gland	Condition	ICDO3	ICDO Condition	S	9500/3-C61.9	2015-09-18	2099-12-31	\N
36527764	Intravascular large B-cell lymphoma of prostate gland	Condition	ICDO3	ICDO Condition	S	9712/3-C61.9	2015-09-18	2099-12-31	\N
36528448	B lymphoblastic leukemia/lymphoma with t(v;11q23); MLL rearranged of prostate gland	Condition	ICDO3	ICDO Condition	S	9813/3-C61.9	2015-09-18	2099-12-31	\N
36528487	Basaloid carcinoma of prostate gland	Condition	ICDO3	ICDO Condition	S	8123/3-C61.9	2015-09-18	2099-12-31	\N
36529044	Papillary carcinoma, NOS, of prostate gland	Condition	ICDO3	ICDO Condition	S	8050/3-C61.9	2015-09-18	2099-12-31	\N
36529320	Ectomesenchymoma of prostate gland	Condition	ICDO3	ICDO Condition	S	8921/3-C61.9	2015-09-18	2099-12-31	\N
36529897	Giant cell and spindle cell carcinoma of prostate gland	Condition	ICDO3	ICDO Condition	S	8030/3-C61.9	2015-09-18	2099-12-31	\N
36530505	Adenocarcinoma with spindle cell metaplasia of prostate gland	Condition	ICDO3	ICDO Condition	S	8572/3-C61.9	2015-09-18	2099-12-31	\N
36531255	Marginal zone B-cell lymphoma, NOS, of prostate gland	Condition	ICDO3	ICDO Condition	S	9699/3-C61.9	2015-09-18	2099-12-31	\N
36531262	Undifferentiated sarcoma of prostate gland	Condition	ICDO3	ICDO Condition	S	8805/3-C61.9	2015-09-18	2099-12-31	\N
36531450	Squamous cell carcinoma, large cell, nonkeratinizing, NOS, of prostate gland	Condition	ICDO3	ICDO Condition	S	8072/3-C61.9	2015-09-18	2099-12-31	\N
36531690	B lymphoblastic leukemia/lymphoma, NOS, of prostate gland	Condition	ICDO3	ICDO Condition	S	9811/3-C61.9	2015-09-18	2099-12-31	\N
36532395	Squamous cell carcinoma, microinvasive of prostate gland	Condition	ICDO3	ICDO Condition	S	8076/3-C61.9	2015-09-18	2099-12-31	\N
36532454	Squamous cell carcinoma, small cell, nonkeratinizing of prostate gland	Condition	ICDO3	ICDO Condition	S	8073/3-C61.9	2015-09-18	2099-12-31	\N
36533342	Epithelioid sarcoma, NOS, of prostate gland	Condition	ICDO3	ICDO Condition	S	8804/3-C61.9	2015-09-18	2099-12-31	\N
36533689	Pleomorphic carcinoma of prostate gland	Condition	ICDO3	ICDO Condition	S	8022/3-C61.9	2015-09-18	2099-12-31	\N
36534013	Squamous cell carcinoma, keratinizing, NOS, of prostate gland	Condition	ICDO3	ICDO Condition	S	8071/3-C61.9	2015-09-18	2099-12-31	\N
36534105	Squamous cell carcinoma with horn formation of prostate gland	Condition	ICDO3	ICDO Condition	S	8078/3-C61.9	2015-09-18	2099-12-31	\N
36534262	Urothelial carcinoma, sarcomatoid of prostate gland	Condition	ICDO3	ICDO Condition	S	8122/3-C61.9	2015-09-18	2099-12-31	\N
36535056	Adenocarcinoma with squamous metaplasia of prostate gland	Condition	ICDO3	ICDO Condition	S	8570/3-C61.9	2015-09-18	2099-12-31	\N
36535181	B lymphoblastic leukemia/lymphoma with t(9;22)(q34;q11.2); BCR-ABL1 of prostate gland	Condition	ICDO3	ICDO Condition	S	9812/3-C61.9	2015-09-18	2099-12-31	\N
36535925	Giant cell carcinoma of prostate gland	Condition	ICDO3	ICDO Condition	S	8031/3-C61.9	2015-09-18	2099-12-31	\N
36536835	Malignant peripheral nerve sheath tumor, NOS, of prostate gland	Condition	ICDO3	ICDO Condition	S	9540/3-C61.9	2015-09-18	2099-12-31	\N
36538788	Adenocarcinoma in villous adenoma of prostate gland	Condition	ICDO3	ICDO Condition	S	8261/3-C61.9	2015-09-18	2099-12-31	\N
36538823	Epithelioma, malignant of prostate gland	Condition	ICDO3	ICDO Condition	S	8011/3-C61.9	2015-09-18	2099-12-31	\N
36539639	Myosarcoma of prostate gland	Condition	ICDO3	ICDO Condition	S	8895/3-C61.9	2015-09-18	2099-12-31	\N
36539709	Solid carcinoma, NOS, of prostate gland	Condition	ICDO3	ICDO Condition	S	8230/3-C61.9	2015-09-18	2099-12-31	\N
36540099	Malignant tumor, giant cell type of prostate gland	Condition	ICDO3	ICDO Condition	S	8003/3-C61.9	2015-09-18	2099-12-31	\N
36540394	T-cell large granular lymphocytic leukemia of prostate gland	Condition	ICDO3	ICDO Condition	S	9831/3-C61.9	2015-09-18	2099-12-31	\N
36540664	Adenoid cystic carcinoma of prostate gland	Condition	ICDO3	ICDO Condition	S	8200/3-C61.9	2015-09-18	2099-12-31	\N
36540790	B lymphoblastic leukemia/lymphoma with hypodiploidy (Hypodiploid ALL) of prostate gland	Condition	ICDO3	ICDO Condition	S	9816/3-C61.9	2015-09-18	2099-12-31	\N
36543006	Carcinosarcoma, NOS, of prostate gland	Condition	ICDO3	ICDO Condition	S	8980/3-C61.9	2015-09-18	2099-12-31	\N
36543214	HHV8 positive diffuse large B-cell lymphoma of prostate gland	Condition	ICDO3	ICDO Condition	S	9738/3-C61.9	2015-09-18	2099-12-31	\N
36543315	Squamous cell carcinoma, spindle cell of prostate gland	Condition	ICDO3	ICDO Condition	S	8074/3-C61.9	2015-09-18	2099-12-31	\N
36543338	Villous adenocarcinoma of prostate gland	Condition	ICDO3	ICDO Condition	S	8262/3-C61.9	2015-09-18	2099-12-31	\N
36543398	Urothelial carcinoma, micropapillary of prostate gland	Condition	ICDO3	ICDO Condition	S	8131/3-C61.9	2015-09-18	2099-12-31	\N
36544527	T-cell/histiocyte rich large B-cell lymphoma of prostate gland	Condition	ICDO3	ICDO Condition	S	9688/3-C61.9	2015-09-18	2099-12-31	\N
36544659	Polygonal cell carcinoma of prostate gland	Condition	ICDO3	ICDO Condition	S	8034/3-C61.9	2015-09-18	2099-12-31	\N
36545389	B lymphoblastic leukemia/lymphoma with hyperdiploidy of prostate gland	Condition	ICDO3	ICDO Condition	S	9815/3-C61.9	2015-09-18	2099-12-31	\N
36545616	Glassy cell carcinoma of prostate gland	Condition	ICDO3	ICDO Condition	S	8015/3-C61.9	2015-09-18	2099-12-31	\N
36545805	Myxofibrosarcoma of prostate gland	Condition	ICDO3	ICDO Condition	S	8811/3-C61.9	2015-09-18	2099-12-31	\N
36545982	B-cell chronic lymphocytic leukemia/small lymphocytic lymphoma of prostate gland	Condition	ICDO3	ICDO Condition	S	9823/3-C61.9	2015-09-18	2099-12-31	\N
36546114	Infantile fibrosarcoma of prostate gland	Condition	ICDO3	ICDO Condition	S	8814/3-C61.9	2015-09-18	2099-12-31	\N
36547024	Hemangiosarcoma of prostate gland	Condition	ICDO3	ICDO Condition	S	9120/3-C61.9	2015-09-18	2099-12-31	\N
36547390	Systemic EBV positive T-cell lymphoproliferative disease of childhood of prostate gland	Condition	ICDO3	ICDO Condition	S	9724/3-C61.9	2015-09-18	2099-12-31	\N
36547882	Myoepithelial carcinoma of prostate gland	Condition	ICDO3	ICDO Condition	S	8982/3-C61.9	2015-09-18	2099-12-31	\N
36548533	Carcinosarcoma, embryonal of prostate gland	Condition	ICDO3	ICDO Condition	S	8981/3-C61.9	2015-09-18	2099-12-31	\N
36550033	Acinar cell cystadenocarcinoma of prostate gland	Condition	ICDO3	ICDO Condition	S	8551/3-C61.9	2015-09-18	2099-12-31	\N
36550323	Leiomyosarcoma, NOS, of prostate gland	Condition	ICDO3	ICDO Condition	S	8890/3-C61.9	2015-09-18	2099-12-31	\N
36550618	Scirrhous adenocarcinoma of prostate gland	Condition	ICDO3	ICDO Condition	S	8141/3-C61.9	2015-09-18	2099-12-31	\N
36550674	Plasmablastic lymphoma of prostate gland	Condition	ICDO3	ICDO Condition	S	9735/3-C61.9	2015-09-18	2099-12-31	\N
36550817	Alveolar adenocarcinoma of prostate gland	Condition	ICDO3	ICDO Condition	S	8251/3-C61.9	2015-09-18	2099-12-31	\N
36551235	Myxoid leiomyosarcoma of prostate gland	Condition	ICDO3	ICDO Condition	S	8896/3-C61.9	2015-09-18	2099-12-31	\N
36551411	Oxyphilic adenocarcinoma of prostate gland	Condition	ICDO3	ICDO Condition	S	8290/3-C61.9	2015-09-18	2099-12-31	\N
36552151	Small cell sarcoma of prostate gland	Condition	ICDO3	ICDO Condition	S	8803/3-C61.9	2015-09-18	2099-12-31	\N
36552560	Adenocarcinoma with apocrine metaplasia of prostate gland	Condition	ICDO3	ICDO Condition	S	8573/3-C61.9	2015-09-18	2099-12-31	\N
36552590	Small cell carcinoma, fusiform cell of prostate gland	Condition	ICDO3	ICDO Condition	S	8043/3-C61.9	2015-09-18	2099-12-31	\N
36552989	Fascial fibrosarcoma of prostate gland	Condition	ICDO3	ICDO Condition	S	8813/3-C61.9	2015-09-18	2099-12-31	\N
36553778	Verrucous carcinoma, NOS, of prostate gland	Condition	ICDO3	ICDO Condition	S	8051/3-C61.9	2015-09-18	2099-12-31	\N
36554023	Basal cell adenocarcinoma of prostate gland	Condition	ICDO3	ICDO Condition	S	8147/3-C61.9	2015-09-18	2099-12-31	\N
36554139	Tubular adenocarcinoma of prostate gland	Condition	ICDO3	ICDO Condition	S	8211/3-C61.9	2015-09-18	2099-12-31	\N
36554370	Large cell carcinoma, NOS, of prostate gland	Condition	ICDO3	ICDO Condition	S	8012/3-C61.9	2015-09-18	2099-12-31	\N
36555690	Epithelial-myoepithelial carcinoma of prostate gland	Condition	ICDO3	ICDO Condition	S	8562/3-C61.9	2015-09-18	2099-12-31	\N
36556099	Metaplastic carcinoma, NOS, of prostate gland	Condition	ICDO3	ICDO Condition	S	8575/3-C61.9	2015-09-18	2099-12-31	\N
36557451	Large cell carcinoma with rhabdoid phenotype of prostate gland	Condition	ICDO3	ICDO Condition	S	8014/3-C61.9	2015-09-18	2099-12-31	\N
36558122	Spindle cell rhabdomyosarcoma of prostate gland	Condition	ICDO3	ICDO Condition	S	8912/3-C61.9	2015-09-18	2099-12-31	\N
36558501	Stromal sarcoma, NOS, of prostate gland	Condition	ICDO3	ICDO Condition	S	8935/3-C61.9	2015-09-18	2099-12-31	\N
36559400	B lymphoblastic leukemia/lymphoma with t(5;14)(q31;q32); IL3-IGH of prostate gland	Condition	ICDO3	ICDO Condition	S	9817/3-C61.9	2015-09-18	2099-12-31	\N
36559613	Carcinoma with osteoclast-like giant cells of prostate gland	Condition	ICDO3	ICDO Condition	S	8035/3-C61.9	2015-09-18	2099-12-31	\N
36559668	Nephroblastoma, NOS, of prostate gland	Condition	ICDO3	ICDO Condition	S	8960/3-C61.9	2015-09-18	2099-12-31	\N
36560590	Clear cell adenocarcinoma, NOS, of prostate gland	Condition	ICDO3	ICDO Condition	S	8310/3-C61.9	2015-09-18	2099-12-31	\N
36563308	Malignant melanoma, NOS, of prostate gland	Condition	ICDO3	ICDO Condition	S	8720/3-C61.9	2015-09-18	2099-12-31	\N
36563396	Lymphoepithelial carcinoma of prostate gland	Condition	ICDO3	ICDO Condition	S	8082/3-C61.9	2015-09-18	2099-12-31	\N
36563529	Pleomorphic rhabdomyosarcoma, adult type of prostate gland	Condition	ICDO3	ICDO Condition	S	8901/3-C61.9	2015-09-18	2099-12-31	\N
36564066	Malignant tumor, clear cell type of prostate gland	Condition	ICDO3	ICDO Condition	S	8005/3-C61.9	2015-09-18	2099-12-31	\N
36564340	Epithelioid leiomyosarcoma of prostate gland	Condition	ICDO3	ICDO Condition	S	8891/3-C61.9	2015-09-18	2099-12-31	\N
36564577	Duct carcinoma, desmoplastic type of prostate gland	Condition	ICDO3	ICDO Condition	S	8514/3-C61.9	2015-09-18	2099-12-31	\N
36565415	Pseudosarcomatous carcinoma of prostate gland	Condition	ICDO3	ICDO Condition	S	8033/3-C61.9	2015-09-18	2099-12-31	\N
36565427	Desmoplastic small round cell tumor of prostate gland	Condition	ICDO3	ICDO Condition	S	8806/3-C61.9	2015-09-18	2099-12-31	\N
36566280	Angiomyosarcoma of prostate gland	Condition	ICDO3	ICDO Condition	S	8894/3-C61.9	2015-09-18	2099-12-31	\N
36566340	Medullary carcinoma, NOS, of prostate gland	Condition	ICDO3	ICDO Condition	S	8510/3-C61.9	2015-09-18	2099-12-31	\N
36566722	Carcinoma, anaplastic, NOS, of prostate gland	Condition	ICDO3	ICDO Condition	S	8021/3-C61.9	2015-09-18	2099-12-31	\N
36567202	Papillary squamous cell carcinoma of prostate gland	Condition	ICDO3	ICDO Condition	S	8052/3-C61.9	2015-09-18	2099-12-31	\N
36567912	Spindle cell sarcoma of prostate gland	Condition	ICDO3	ICDO Condition	S	8801/3-C61.9	2015-09-18	2099-12-31	\N
36568174	Tumor cells, malignant of prostate gland	Condition	ICDO3	ICDO Condition	S	8001/3-C61.9	2015-09-18	2099-12-31	\N
37016740	Prostate cancer metastatic to bone	Condition	SNOMED	Clinical Finding	S	712849003	2016-01-31	2099-12-31	\N
37311236	Infiltrating duct carcinoma of prostate	Condition	SNOMED	Clinical Finding	S	823017009	2020-03-09	2099-12-31	\N
37311683	Acinar cell cystadenocarcinoma of prostate	Condition	SNOMED	Clinical Finding	S	822970008	2020-03-09	2099-12-31	\N
40320238	Carcinoma of prostate	Condition	SNOMED	Clinical Finding	\N	154531004	1970-01-01	2016-03-11	U
40486666	Non-Hodgkin's lymphoma of prostate	Condition	SNOMED	Clinical Finding	S	449318001	2011-07-31	2099-12-31	\N
40488897	Diffuse non-Hodgkin's lymphoma of prostate	Condition	SNOMED	Clinical Finding	S	448213004	2011-07-31	2099-12-31	\N
40488901	Follicular non-Hodgkin's lymphoma of prostate	Condition	SNOMED	Clinical Finding	S	448217003	2011-07-31	2099-12-31	\N
42485031	Malignant neoplasm of prostate	Condition	KCD7	KCD7 code	\N	C61	2017-07-01	2099-12-31	\N
42511841	Extra-adrenal paraganglioma, NOS, of prostate gland	Condition	ICDO3	ICDO Condition	S	8693/3-C61.9	2019-06-01	2099-12-31	\N
42512260	Sebaceous carcinoma of prostate gland	Condition	ICDO3	ICDO Condition	S	8410/3-C61.9	2019-06-01	2099-12-31	\N
42512377	Paget disease, extramammary of prostate gland	Condition	ICDO3	ICDO Condition	S	8542/3-C61.9	2019-06-01	2099-12-31	\N
42512430	Follicular lymphoma, NOS, of prostate gland	Condition	ICDO3	ICDO Condition	S	9690/3-C61.9	2019-06-01	2099-12-31	\N
42512655	Mixed acinar-ductal carcinoma of prostate gland	Condition	ICDO3	ICDO Condition	S	8552/3-C61.9	2019-06-01	2099-12-31	\N
42512688	Diffuse large B-cell lymphoma, NOS, of prostate gland	Condition	ICDO3	ICDO Condition	S	9680/3-C61.9	2019-06-01	2099-12-31	\N
42512952	Mixed adenoneuroendocrine carcinoma of prostate gland	Condition	ICDO3	ICDO Condition	S	8244/3-C61.9	2019-06-01	2099-12-31	\N
44499428	Squamous cell carcinoma, NOS, of prostate gland	Condition	ICDO3	ICDO Condition	S	8070/3-C61.9	2015-09-18	2099-12-31	\N
44499514	Infiltrating duct carcinoma, NOS, of prostate gland	Condition	ICDO3	ICDO Condition	S	8500/3-C61.9	2015-09-18	2099-12-31	\N
44499641	Papillary adenocarcinoma, NOS, of prostate gland	Condition	ICDO3	ICDO Condition	S	8260/3-C61.9	2015-09-18	2099-12-31	\N
44499685	Adenocarcinoma, NOS, of prostate gland	Condition	ICDO3	ICDO Condition	S	8140/3-C61.9	2015-09-18	2099-12-31	\N
44499712	Carcinoma, undifferentiated, NOS, of prostate gland	Condition	ICDO3	ICDO Condition	S	8020/3-C61.9	2015-09-18	2099-12-31	\N
44499734	Papillary urothelial carcinoma of prostate gland	Condition	ICDO3	ICDO Condition	S	8130/3-C61.9	2015-09-18	2099-12-31	\N
44499820	Adenocarcinoma with neuroendocrine differentiation of prostate gland	Condition	ICDO3	ICDO Condition	S	8574/3-C61.9	2015-09-18	2099-12-31	\N
44499864	Large cell neuroendocrine carcinoma of prostate gland	Condition	ICDO3	ICDO Condition	S	8013/3-C61.9	2015-09-18	2099-12-31	\N
44500341	Combined small cell carcinoma of prostate gland	Condition	ICDO3	ICDO Condition	S	8045/3-C61.9	2015-09-18	2099-12-31	\N
44500459	Signet ring cell carcinoma of prostate gland	Condition	ICDO3	ICDO Condition	S	8490/3-C61.9	2015-09-18	2099-12-31	\N
44500494	Basal cell carcinoma, NOS, of prostate gland	Condition	ICDO3	ICDO Condition	S	8090/3-C61.9	2015-09-18	2099-12-31	\N
44500595	Adenocarcinoma with mixed subtypes of prostate gland	Condition	ICDO3	ICDO Condition	S	8255/3-C61.9	2015-09-18	2099-12-31	\N
44500716	Squamous cell carcinoma, adenoid of prostate gland	Condition	ICDO3	ICDO Condition	S	8075/3-C61.9	2015-09-18	2099-12-31	\N
44500734	Mixed cell adenocarcinoma of prostate gland	Condition	ICDO3	ICDO Condition	S	8323/3-C61.9	2015-09-18	2099-12-31	\N
44500910	Malignant lymphoma, non-Hodgkin, NOS, of prostate gland	Condition	ICDO3	ICDO Condition	S	9591/3-C61.9	2015-09-18	2099-12-31	\N
44501195	Transitional cell carcinoma, NOS, of prostate gland	Condition	ICDO3	ICDO Condition	S	8120/3-C61.9	2015-09-18	2099-12-31	\N
44501350	Mucinous adenocarcinoma of prostate gland	Condition	ICDO3	ICDO Condition	S	8480/3-C61.9	2015-09-18	2099-12-31	\N
44501366	Alveolar rhabdomyosarcoma of prostate gland	Condition	ICDO3	ICDO Condition	S	8920/3-C61.9	2015-09-18	2099-12-31	\N
44501528	Mucin-producing adenocarcinoma of prostate gland	Condition	ICDO3	ICDO Condition	S	8481/3-C61.9	2015-09-18	2099-12-31	\N
44501544	Hemangiopericytoma, malignant of prostate gland	Condition	ICDO3	ICDO Condition	S	9150/3-C61.9	2015-09-18	2099-12-31	\N
44501627	Neuroendocrine carcinoma, NOS, of prostate gland	Condition	ICDO3	ICDO Condition	S	8246/3-C61.9	2015-09-18	2099-12-31	\N
44501968	Giant cell sarcoma of prostate gland	Condition	ICDO3	ICDO Condition	S	8802/3-C61.9	2015-09-18	2099-12-31	\N
44502000	Neoplasm, malignant of prostate gland	Condition	ICDO3	ICDO Condition	S	8000/3-C61.9	2015-09-18	2099-12-31	\N
44502035	Acinar cell carcinoma of prostate gland	Condition	ICDO3	ICDO Condition	S	8550/3-C61.9	2015-09-18	2099-12-31	\N
44502350	Embryonal rhabdomyosarcoma, NOS, of prostate gland	Condition	ICDO3	ICDO Condition	S	8910/3-C61.9	2015-09-18	2099-12-31	\N
44502766	Small cell carcinoma, NOS, of prostate gland	Condition	ICDO3	ICDO Condition	S	8041/3-C61.9	2015-09-18	2099-12-31	\N
44503133	Carcinoma, NOS, of prostate gland	Condition	ICDO3	ICDO Condition	S	8010/3-C61.9	2015-09-18	2099-12-31	\N
44503145	Cribriform carcinoma, NOS, of prostate gland	Condition	ICDO3	ICDO Condition	S	8201/3-C61.9	2015-09-18	2099-12-31	\N
44503555	Intraductal papillary adenocarcinoma with invasion of prostate gland	Condition	ICDO3	ICDO Condition	S	8503/3-C61.9	2015-09-18	2099-12-31	\N
44503558	Adenosquamous carcinoma of prostate gland	Condition	ICDO3	ICDO Condition	S	8560/3-C61.9	2015-09-18	2099-12-31	\N
44818723	Subsumes	Metadata	Relationship	Relationship	\N	OMOP generated	1970-01-01	2099-12-31	\N
44818821	Is a	Metadata	Relationship	Relationship	\N	OMOP generated	1970-01-01	2099-12-31	\N
44818958	Inactive same_as active (SNOMED)	Metadata	Relationship	Relationship	\N	OMOP generated	1970-01-01	2099-12-31	\N
44818959	Active same_as inactive (SNOMED)	Metadata	Relationship	Relationship	\N	OMOP generated	1970-01-01	2099-12-31	\N
44818976	Mapping relationship from Standard Concept (OMOP)	Metadata	Relationship	Relationship	\N	OMOP generated	1970-01-01	2099-12-31	\N
44818977	Mapping relationship to Standard Concept (OMOP)	Metadata	Relationship	Relationship	\N	OMOP generated	1970-01-01	2099-12-31	\N
44822887	Malignant neoplasm of prostate	Condition	ICD9CM	3-dig billing code	\N	185	1970-01-01	2099-12-31	\N
45524774	PROSTATE CARCINOMA	Condition	OXMIS	OXMIS	\N	185 C	1970-01-01	2099-12-31	\N
45525832	ADENOCARCINOMA PROSTATE	Condition	OXMIS	OXMIS	\N	185 CA	1970-01-01	2099-12-31	\N
45526849	MALIGNANT NEOPLASM PROSTATE	Condition	OXMIS	OXMIS	\N	185 A	1970-01-01	2099-12-31	\N
45547509	Malignant neoplasm of prostate	Condition	ICD10	ICD10 Hierarchy	\N	C61	1990-05-01	2099-12-31	\N
45910570	Adenocarcinoma of Prostate	Condition	CIEL	Diagnosis	\N	149439	2007-11-03	2099-12-31	\N
45930504	Carcinoma of Prostate	Condition	CIEL	Diagnosis	\N	146221	2007-11-03	2099-12-31	\N
45955133	Primary Malignant Neoplasm of Prostate	Condition	CIEL	Diagnosis	\N	128792	2007-11-03	2099-12-31	\N
4180186	English language	Language	SNOMED	Qualifier Value	S	297487008	2002-01-31	2099-12-31	\N
44818796	Using substance (SNOMED)	Metadata	Relationship	Relationship	\N	OMOP generated	1970-01-01	2099-12-31	\N
\.


--
-- Data for Name: concept_ancestor; Type: TABLE DATA; Schema: public; Owner: ohdsi
--

COPY concept_ancestor (ancestor_concept_id, descendant_concept_id, min_levels_of_separation, max_levels_of_separation) FROM stdin;
197804	200962	1	1
200962	36528448	1	1
200962	36534262	1	1
200962	36532454	1	1
200962	36524219	1	1
200962	44502035	1	1
200962	36532395	1	1
200962	36522940	1	1
200962	44501350	1	1
200962	36525240	1	1
200962	36567912	1	1
200962	36550817	1	1
200962	36559668	1	1
200962	36517339	2	2
200962	36567202	1	1
200962	40488901	2	2
200962	36552560	1	1
200962	36564577	1	1
200962	4161028	2	2
200962	36544659	1	1
200962	36533689	1	1
200962	36529044	1	1
200962	36552151	1	1
200962	36531262	1	1
200962	36525551	1	1
200962	36536835	1	1
200962	36535056	1	1
200962	36531450	1	1
200962	44503133	2	2
200962	42512377	1	1
200962	44502766	1	1
200962	36520216	1	1
200962	44500910	3	3
200962	36519105	1	1
200962	42512655	1	1
200962	36563308	1	1
200962	36554023	1	1
200962	44500494	1	1
200962	36539639	1	1
200962	44501968	1	1
200962	37311236	1	1
200962	44500595	1	1
200962	44503555	1	1
200962	36539709	1	1
200962	36557451	1	1
200962	36547024	1	1
200962	36547882	1	1
200962	36550033	1	1
200962	36533342	1	1
200962	36540099	1	1
200962	36545982	1	1
200962	44500734	1	1
200962	44499734	1	1
200962	36535181	1	1
200962	36519069	1	1
200962	4116087	1	1
200962	36551235	1	1
200962	36563529	1	1
200962	36552590	1	1
200962	44499712	1	1
200962	36540664	1	1
200962	42512952	1	1
200962	36529897	1	1
200962	44499641	1	1
200962	44501544	1	1
200962	44499864	1	1
200962	36534013	1	1
200962	36555690	1	1
200962	36517801	1	1
200962	44503145	1	1
200962	36564066	1	1
200962	44503558	1	1
200962	36566340	1	1
200962	44500459	1	1
200962	36546114	1	1
200962	37016740	1	1
200962	36538788	1	1
200962	36545389	1	1
200962	36564340	1	1
200962	36566280	1	1
200962	42512430	3	3
200962	36527397	1	1
200962	36554139	1	1
200962	36543315	1	1
200962	44501627	1	1
200962	36545616	1	1
200962	37311683	1	1
200962	36552989	1	1
200962	36550323	1	1
200962	36550618	1	1
200962	36560590	1	1
200962	36527764	2	2
200962	4288534	2	2
200962	36534105	1	1
200962	36558501	1	1
200962	36543398	1	1
200962	36543214	2	2
200962	36531690	1	1
200962	36538823	1	1
200962	36519333	1	1
200962	36545805	1	1
200962	36554370	1	1
200962	36528487	1	1
200962	44499428	1	1
200962	36540790	1	1
200962	200962	0	0
200962	36559613	1	1
200962	44500341	1	1
200962	36520903	1	1
200962	42512688	2	2
200962	36550674	2	2
200962	36565415	1	1
200962	36526468	1	1
200962	36553778	1	1
200962	36524677	1	1
200962	42512260	1	1
200962	36521407	1	1
200962	40488897	2	2
200962	44501528	1	1
200962	36551411	1	1
200962	36563396	1	1
200962	44502350	1	1
200962	36518000	1	1
200962	36547390	1	1
200962	44501195	1	1
200962	36548533	1	1
200962	42511841	1	1
200962	36556099	1	1
200962	36519743	1	1
200962	44499820	1	1
200962	36540394	1	1
200962	36529320	1	1
200962	36543338	1	1
200962	36565427	1	1
200962	36526522	1	1
200962	36543006	1	1
200962	44499514	1	1
200962	36525831	1	1
200962	40486666	1	1
200962	36530505	1	1
200962	4082919	3	3
200962	36544527	2	2
200962	36568174	1	1
200962	36558122	1	1
200962	36566722	1	1
200962	44502000	1	1
200962	44499685	1	1
200962	36559400	1	1
200962	44500716	1	1
200962	44501366	1	1
200962	36535925	1	1
200962	36520178	1	1
200962	36522370	1	1
200962	36531255	2	2
4082919	4082919	0	0
4116087	4161028	1	1
4116087	4288534	1	1
4116087	4116087	0	0
4116087	4082919	2	2
4116087	44503133	1	1
4161028	4161028	0	0
4161028	4082919	1	1
4288534	4288534	0	0
36517339	36517339	0	0
36517801	36517801	0	0
36518000	36518000	0	0
36519069	36519069	0	0
36519105	36519105	0	0
36519333	36519333	0	0
36519743	36519743	0	0
36520178	36520178	0	0
36520216	36520216	0	0
36520903	36520903	0	0
36521407	36521407	0	0
36522370	36522370	0	0
36522940	36522940	0	0
36524219	36524219	0	0
36524677	36524677	0	0
36525240	36525240	0	0
36525551	36525551	0	0
36525831	36525831	0	0
36526468	36526468	0	0
36526522	36526522	0	0
36527397	36527397	0	0
36527764	36527764	0	0
36528448	36528448	0	0
36528487	36528487	0	0
36529044	36529044	0	0
36529320	36529320	0	0
36529897	36529897	0	0
36530505	36530505	0	0
36531255	36531255	0	0
36531262	36531262	0	0
36531450	36531450	0	0
36531690	36531690	0	0
36532395	36532395	0	0
36532454	36532454	0	0
36533342	36533342	0	0
36533689	36533689	0	0
36534013	36534013	0	0
36534105	36534105	0	0
36534262	36534262	0	0
36535056	36535056	0	0
36535181	36535181	0	0
36535925	36535925	0	0
36536835	36536835	0	0
36538788	36538788	0	0
36538823	36538823	0	0
36539639	36539639	0	0
36539709	36539709	0	0
36540099	36540099	0	0
36540394	36540394	0	0
36540664	36540664	0	0
36540790	36540790	0	0
36543006	36543006	0	0
36543214	36543214	0	0
36543315	36543315	0	0
36543338	36543338	0	0
36543398	36543398	0	0
36544527	36544527	0	0
36544659	36544659	0	0
36545389	36545389	0	0
36545616	36545616	0	0
36545805	36545805	0	0
36545982	36545982	0	0
36546114	36546114	0	0
36547024	36547024	0	0
36547390	36547390	0	0
36547882	36547882	0	0
36548533	36548533	0	0
36550033	36550033	0	0
36550323	36550323	0	0
36550618	36550618	0	0
36550674	36550674	0	0
36550817	36550817	0	0
36551235	36551235	0	0
36551411	36551411	0	0
36552151	36552151	0	0
36552560	36552560	0	0
36552590	36552590	0	0
36552989	36552989	0	0
36553778	36553778	0	0
36554023	36554023	0	0
36554139	36554139	0	0
36554370	36554370	0	0
36555690	36555690	0	0
36556099	36556099	0	0
36557451	36557451	0	0
36558122	36558122	0	0
36558501	36558501	0	0
36559400	36559400	0	0
36559613	36559613	0	0
36559668	36559668	0	0
36560590	36560590	0	0
36563308	36563308	0	0
36563396	36563396	0	0
36563529	36563529	0	0
36564066	36564066	0	0
36564340	36564340	0	0
36564577	36564577	0	0
36565415	36565415	0	0
36565427	36565427	0	0
36566280	36566280	0	0
36566340	36566340	0	0
36566722	36566722	0	0
36567202	36567202	0	0
36567912	36567912	0	0
36568174	36568174	0	0
37016740	37016740	0	0
37311236	37311236	0	0
37311683	37311683	0	0
40486666	36517339	1	1
40486666	36550674	1	1
40486666	42512688	1	1
40486666	36544527	1	1
40486666	36527764	1	1
40486666	36531255	1	1
40486666	40488897	1	1
40486666	44500910	2	2
40486666	40486666	0	0
40486666	36543214	1	1
40486666	42512430	2	2
40486666	40488901	1	1
40488897	40488897	0	0
40488897	44500910	1	1
40488901	42512430	1	1
40488901	40488901	0	0
42511841	42511841	0	0
42512260	42512260	0	0
42512377	42512377	0	0
42512430	42512430	0	0
42512655	42512655	0	0
42512688	42512688	0	0
42512952	42512952	0	0
44499428	44499428	0	0
44499514	44499514	0	0
44499641	44499641	0	0
44499685	44499685	0	0
44499712	44499712	0	0
44499734	44499734	0	0
44499820	44499820	0	0
44499864	44499864	0	0
44500341	44500341	0	0
44500459	44500459	0	0
44500595	44500595	0	0
44500716	44500716	0	0
44500734	44500734	0	0
44500910	44500910	0	0
44501195	44501195	0	0
44501350	44501350	0	0
44501366	44501366	0	0
44501528	44501528	0	0
44501544	44501544	0	0
44501627	44501627	0	0
44501968	44501968	0	0
44502000	44502000	0	0
44502035	44502035	0	0
44502350	44502350	0	0
44502766	44502766	0	0
44503133	44503133	0	0
44503145	44503145	0	0
44503555	44503555	0	0
44503558	44503558	0	0
\.


--
-- Data for Name: concept_class; Type: TABLE DATA; Schema: public; Owner: ohdsi
--

COPY concept_class (concept_class_id, concept_class_name, concept_class_concept_id) FROM stdin;
10th level	10th administrative level	32559
11-digit NDC	11-digit NDC code	44819243
11th level	11th administrative level	32567
12th level	12th administrative level	32562
2-dig nonbill code	2-digit non-billing code	45754881
2nd level	2nd administrative level	32566
3-char billing code	3-character billing code	46233663
3-char nonbill code	3-character non-billing code	46233658
3-dig billing code	3-digit billing code	45754868
3-dig billing E code	3-digit billing E code	46233669
3-dig billing V code	3-digit billing V code	45754873
3-dig nonbill code	3-digit non-billing code	45754876
3-dig nonbill E code	3-digit non-billing E code	45754879
3-dig nonbill V code	3-digit non-billing V code	45754878
3rd level	3rd administrative level	32560
4-char billing code	4-character billing code	46233664
4-char nonbill code	4-character non-billing code	46233659
4-dig billing code	4-digit billing code	45754869
4-dig billing E code	4-digit billing E code	45754871
4-dig billing V code	4-digit billing V code	45754874
4-dig nonbill code	4-digit non-billing code	45754877
4-dig nonbill E code	4-digit non-billing E code	45754880
4-dig nonbill V code	4-digit non-billing V code	45756722
4th level	4th administrative level	32568
5-char billing code	5-character billing code	46233665
5-char nonbill code	5-character non-billing code	46233660
5-dig billing code	5-digit billing code	45754870
5-dig billing E code	5-digit billing E code	45754872
5-dig billing V code	5-digit billing V code	45754875
5th level	5th administrative level	32564
6-char billing code	6-character billing code	46233666
6-char nonbill code	6-character non-billing code	46233661
6-dig billing code	6-dig billing code	32745
6th level	6th administrative level	32565
7-char billing code	7-character billing code	46233667
7-char nonbill code	7-character non-billing code	46233662
7th level	7th administrative level	32569
8th level	8th administrative level	32561
9-digit NDC	9-digit NDC code	44819244
9th level	9th administrative level	32563
Admin Concept	Administrative Concept	44818986
Admitting Source	Admitting Source	44819002
Aggregate Meas	Aggregate Measurement	45905726
AMP	Actual Medicinal Product	5002
AMPP	Actual Medicinal Product Pack	5003
Anatom Main Group	1st Level - Anatomical Main Group	44819087
Anatomy	Anatomy	45905714
Animal Drug	Non-human drug class Animal Drug	46277305
Answer	Answers	45754682
APC	Ambulatory Patient Classification	44819245
ATC	Anatomical Therapeutic Chemical Classification	44819054
ATC 1st	ATC 1st Level	44819281
ATC 2nd	ATC 2nd Level	44819283
ATC 3rd	ATC 3rd Level	44819280
ATC 4th	ATC 4th Level	44819285
ATC 5th	ATC 5th Level	44819284
Attribute	Attribute	44819070
AU Qualifier	AU Qualifier (AMT)	5035
AU Substance	AU Substance (AMT)	5034
Benefit	Benefit - healthcare items or services covered under a Health Plan	32482
Biobank Flag	Biobank Flag	44819019
BioCondition	BioCondition	32689
Biological Function	Biological Function	44819047
Blood/Immune Disease	Diseases of the blood and blood-forming organs and certain disorders involving the immune mechanism	44819169
Blood Pressure Pos	Blood Pressure Position	45754804
Body Structure	Body Structure	44818996
Branded Dose Group	Semantic Branded Dose Group	5025
Branded Drug	Semantic Branded Drug	44819063
Branded Drug Box	Branded Drug Box	202
Branded Drug Comp	Semantic Branded Drug Component	44819004
Branded Drug Form	Semantic Branded Drug Form	44819041
Branded Pack	Brand Name Pack	44818982
Branded Pack Box	Branded Pack Box	5044
Brand Name	Brand Name	44819065
Canonical	Canonical Unit	44819053
Canonical Unit	Canonical Unit	44819282
CAP Header	CAP Header	32774
CAP Protocol	CAP Protocol	32775
CAP Value	CAP Value	32772
CAP Variable	CAP Variable	32773
CDM	CDM	32522
CDT	CDT	581440
CDT Hierarchy	CDT Hierarchy	581439
Cellular Therapy	Human drug class Cellular Therapy	45754861
Chart Availability	Chart Availability	44818991
Chemical Structure	Chemical Structure	44819068
Chem Subgroup	4th Level - Chemical Subgroup	44819090
Chem Substance	5th Level - Chemical Substance	44819091
Circulatory Disease	Diseases of the circulatory system	44819175
Claims Attachment	Claims Attachments	45754680
Clinical Dose Group	Semantic Clinical Dose Group	5024
Clinical Drug	Semantic Clinical Drug	44819028
Clinical Drug Box	Clinical Drug Box	203
Clinical Drug Comp	Semantic Clinical Drug Component	44819064
Clinical Drug Form	Semantic Clinical Drug Form	44819020
Clinical Finding	Clinical Finding	44818997
Clinical Observation	Clinical Class	45754679
Clinical Pack	Generic Pack	44818992
Clinical Pack Box	Clinical Pack Box	5043
Cohort	Cohort	44819246
Component	Component	32637
Component Class	Component Class	32640
Concept Class	OMOP Concept Class	44819247
Concept Relationship	Concept Relationship	44819026
Condition	Condition	44819048
Condition Cohort	Condition Cohort	44819034
Condition Occur Type	Condition Occurrence Type	44819012
Condition Type	Condition Type	44819248
Congenital Disease	Congenital malformations, deformations and chromosomal abnormalities	44819183
Containered Pack	Containered Trade Product Pack (AMT)	5042
Context	Context	32641
Context-dependent	Situation with explicit context	44819051
ConvSet	ConvSet	45905718
Cosmetic	Non-human drug class Cosmetic	46274139
Cost Type	Cost Type	5030
CPT4	Current Procedural Terminology version 4	44819249
CPT4 Hierarchy	CPT4 Hierarchy	45754686
CPT4 Modifier	CPT4 Modifier	45754685
Currency	Currency	44819049
Custom Unit	Custom Unit	44819074
CVX	CVX vaccine	581401
Death Type	Death Type	44819000
Detail	Detail	581455
Device	Device	44819094
Device Type	Device Type	44819027
Diagnosis	Diagnosis	45905712
Diagnosis Code Type	Diagnosis Code Type	45754800
Diagnosis Type	Diagnosis Type	45754801
Diagnostic Category	Diagnostic Category	44819077
Digestive Disease	Diseases of the digestive system	44819177
Discharge Dispo	Discharge Disposition	44819003
Discharge Status	Discharge Status	44819083
Disease Episode	Disease Episode	32524
Disinfectant	Non-human drug class Disinfectant	240
Disposition	Disposition	32538
Doc Kind	LOINC Document Kind	32452
Doc Role	LOINC Document Role	32451
Doc Setting	LOINC Document Setting	32453
Doc Subject Matter	LOINC Document Subject Matter Domain	32449
Doc Type of Service	LOINC Document Type of Service	32450
Domain	Domain	44819025
Dose Form	Dose Form	44819066
Dose Form Group	Dose Form Group	5023
DRG	Disease-related Group	44819250
DRG Type	Disease Related Group Type	45754799
Drug	Drug	44819251
Drug Class	Drug Class	44818993
Drug Cohort	Drug Cohort	44819024
Drug Exposure Type	Drug Exposure Type	44819078
Drug form	Drug form	45905734
Drug Interaction	Drug Interaction	44819069
Drug Product	Drug Product	44819040
Drug Type	Drug Type	44819252
Ear Disease	Diseases of the ear and mastoid process	44819174
Encounter Type	Encounter Type	44819084
Endocrine Disease	Endocrine, nutritional and metabolic diseases	44819170
Enrollment Basis	Enrollment Basis	44819038
Episode of Care	Episode of Care	32526
Episode Type	Episode Type	32543
ETC	Enhanced Therapeutic Classification	44819082
Ethnicity	Ethnicity	44819035
Event	Event	44819056
External Cause	External causes of morbidity	44819186
Eye Disease	Diseases of the eye and adnexa	44819173
Field	OMOP CDM Table Field	32487
Finding	Finding	45905713
Food	Non-human drug class Food	46274137
Form	dm+d Dose Form	5006
Frequency	Frequency	45905730
Frequency code	Frequency code	32038
Full	Full	32039
GCN_SEQNO	GCN_SEQNO	44819254
Gemscript	Gemscript	44819253
Gemscript THIN	Encrypted Gemscript for the THIN database	5000
Gender	Gender	44819086
Genitourinary Dis	Diseases of the genitourinary system	44819180
GPI	Generic Product Identifier	44819255
HCPCS	Healthcare Common Procedure Coding System	44819256
HCPCS Class	HCPCS Class	45754688
HCPCS Modifier	HCPCS Modifier	45754687
Health Service	Factors influencing health status and contact with health services	44819187
HES Specialty	HES Specialty	44819257
Hispanic	Hispanic	44819085
HLGT	High Level Group Term	44818990
HLT	High Level Term	44819018
ICD10 Chapter	ICD10 Chapter	32742
ICD10 code	ICD10 code	44819258
ICD10 Hierarchy	ICD10 Hierarchy	45754906
ICD10 Histology	ICD10 Histology	32741
ICD10PCS	ICD10PCS Code	260
ICD10PCS Hierarchy	ICD10PCS Hierarchical Code	259
ICD10 SubChapter	ICD10 SubChapter	32743
ICD9CM code	ICD9CM code	44819259
ICD9CM E code	ICD9CM E code	44819260
ICD9CM non-bill code	ICD9CM non-billable code	45754823
ICD9CM V code	ICD9CM V code	44819261
ICD9Proc Chapter	ICD9Proc Chapter	32746
ICD9Proc non-bill	ICD9Proc non-billable code	45754824
ICDO Condition	ICDO Condition	581435
ICDO Histology	ICDO Histology	581434
ICDO Topography	ICDO Topography	581433
Imaging Material	Non-human drug class Imaging Material	241
Inactive Concept	Inactive Concept	45754796
Ind / CI	Indication or Contra-Indication	44819042
Indication	Indication	44819262
Indicator	Indicator	45905727
Infectious Disease	Certain infectious and parasitic diseases	44819188
Ingredient	Ingredient	44818981
Injury	Injury, poisoning and certain other consequences of external causes	44819185
ISBT Attrib cat	ISBT Attrib cat	581448
ISBT Attrib group	ISBT Attrib group	581447
ISBT Attrib value	ISBT Attrib value	581446
ISBT Category	ISBT Category	581449
ISBT Class	ISBT Class	581444
ISBT Modifier	ISBT Modifier	581445
ISBT Product	ISBT Product	581443
KCD7 code	KCD7 code	32694
LabSet	LabSet	45905716
Lab Test	Laboratory Class	45754678
Life circumstance	Animal life circumstance	32550
Linkage Assertion	Linkage Assertion	45754822
Linkage Concept	Linkage Concept	45754797
Link Assertion	Link Assertion	45754798
LLT	Lowest Level Term	44819081
Location	Environment or Geographical Location	44819011
LOINC	Logical Observation Identifiers Names and Codes	44819263
LOINC Class	LOINC Class	45754677
LOINC Component	LOINC Component	32718
LOINC Document Type	LOINC Document Type	581372
LOINC Group	LOINC Group	32484
LOINC Hierarchy	LOINC Hierarchy	44819264
LOINC Method	LOINC Method	32721
LOINC Property	LOINC Property	32722
LOINC Scale	LOINC Scale	32719
LOINC System	LOINC System	32717
LOINC Time	LOINC Time	32720
Main Heading	Main Heading or Descriptor	46233638
Marketed Product	Marketed Product	250
MDC	Major Diagnostic Category	44819265
Meas Class	Measurement Class	44819059
Meas Type	Measurement Type	44819001
Measurement	Measurement	44819071
Mechanism of Action	Mechanism of Action	44819005
MedDRA	Medical Dictionary for Regulatory Activities	44819266
Medical supply	Medical supply	45905735
Medicinal Product	Medicinal Product (AMT)	5038
Med Product Pack	Medicinal Product Pack (AMT)	5037
Med Product Unit	Medicinal Product Unit of Use (AMT)	5036
MEDRT Extension	MEDRT Extension	32536
MedSet	MedSet	45905717
Mental Disease	Mental, Behavioral and Neurodevelopmental disorders	44819171
Metadata	Metadata	32674
Metal level	Metal level: ratio of split of the healthcare transaction costs between Health Plan and patient	32483
Misc	Misc	45905719
Misc Order	Misc Order	45905722
Modality	Modality	32690
Model Comp	Model Component	44819058
Module	Module	581408
Monitoring	Health Care Monitoring Topics	45905728
Morph Abnormality	Morphologic Abnormality	44819008
MS-DRG	Medicare Severity Disease-related Group	45757047
Multilex	Multilex	44819267
Multum	Multum	44819268
NAACCR Procedure	NAACCR Procedure	32652
NAACCR Proc Schema	NAACCR Procedure Schema	32651
NAACCR Schema	NAACCR Schema	32654
NAACCR Value	NAACCR Value	32653
NAACCR Variable	NAACCR Variable	32655
Namespace Concept	Namespace Concept	44819057
Navi Concept	Navigational Concept	45754795
Neoplasm	Neoplasms	44819168
Nervous Disease	Diseases of the nervous system	44819172
NFC	New Form Code	253
Non-Stand Allergenic	Human drug class Non-Standardized Allergenic	45754860
Note Domain	Note Subject Matter Domain Attribute	5051
Note Kind	Kind of Note Attribute	5048
Note Provider Role	Provider Role of Note Attribute	5052
Note Service Type	Service or activity resulting in Note Attribute	5049
Note Setting	Point of Care Setting of Note Attribute	5050
Note Type	Note Type	44819061
NUCC	National Uniform Claim Committee Specialty	44819269
Observable Entity	Observable Entity	44819029
Observation	Observation	44819093
Observation Type	Observation Type	44819076
Obs Period Type	Observation Period Type	44819062
Organism	Organism	44819043
OTC Drug	Human drug class Human OTC Drug	45754858
OXMIS	Oxford Medical Information System	44819271
Patient Status	Patient Status	44819079
Payer	Payer - institution administering healthcare transactions	32479
Perinatal Disease	Certain conditions originating in the perinatal period	44819182
Permissible Range	Permissible Range	32663
Pharma/Biol Product	Pharmaceutical / Biologic Product	44819007
Pharmacokinetics	Pharmacokinetics	44818984
Pharmacologic Class	Pharmacologic Class	44819006
Pharma Preparation	Pharmaceutical Preparations	44818983
Pharma Subgroup	3rd Level - Pharmacological Subgroup	44819089
Physical Force	Physical Force	44819052
Physical Object	Physical Object	44819009
Physician Specialty	OMOP Physician Specialty	32576
Physiologic Effect	Physiologic Effect	44819067
Place of Service	Place Of Service	44818985
Plan Stop Reason	Plan Stop Reason - Reason for termination of the Health Plan	32481
Plasma Derivative	Human drug class Plasma Derivative	45754859
PPI Modifier	PPI Modifier	581409
Precise Ingredient	Precise Ingredient	5022
Pregnancy	Pregnancy, childbirth and the puerperium	44819181
Prescription Drug	Human drug class Human Prescription Drug	45754857
Procedure	Procedure	44819080
Procedure Code Type	Procedure Code Type	45754802
Procedure Drug	Procedure Drug	44819095
Procedure Occur Type	Procedure Occurrence Type	44819013
Procedure Type	Procedure Type	44819272
Proc Hierarchy	Procedure Hierarchy	32737
Program	Program	45905725
Provider	OMOP Provider	32575
Provider Specialty	Health Care Provider Specialty	44819014
PT	Preferred Term	44819017
Qualifier Value	Qualifier Value	44819021
Quality Metric	Quality Metric	44819092
Quant Branded Box	Quantified Branded Drug Box	200
Quant Branded Drug	Quantified Branded Drug	45754863
Quant Clinical Box	Quantified Clinical Drug Box	201
Quant Clinical Drug	Quantified Clinical Drug	45754862
Question	Question	45905715
Race	Race	44819030
Radiology	Radiology/Imaging Procedure	45905729
Read	Read	44819273
Record Artifact	Record Artifact	44818999
Regimen	Regimen	32639
Regimen Class	Regimen Class	32794
Regimen type	Regimen type	32636
Relationship	OMOP Relationship	44819274
Respiratory Disease	Diseases of the respiratory system	44819176
Revenue Code	Revenue Code	44819075
Route	Route	32638
Skin Disease	Diseases of the skin and subcutaneous tissue	44819178
SMQ	Standardized Meddra Query	44819060
SOC	System Organ Class	44819037
Social Context	Social Context	44819022
Soft Tissue Disease	Diseases of the musculoskeletal system and connective tissue	44819179
Special Code	Codes for special purposes	44819236
Special Concept	Special Concept	44819046
Specialty	Specialty	44819016
Specimen	Specimen	44819055
Specimen Type	OMOP Specimen Type	581377
SPL	SPL	44819276
Sponsor	Sponsor - institution or individual financing healthcare transactions	32480
Staging / Scales	Staging And Scales	44819010
Standard Allergenic	Human drug class Standardized Allergenic	45754856
Standard Unit	Standard Unit	44819073
State	State	45905724
Substance	Substance	44819050
Summary	Summary	581454
Suppl Concept	Supplementary Concept	46233639
Supplement	Non-human drug class Supplement	46274138
Supplier	Supplier: Manufacturer, Wholesaler	244
Survey	Surveys	45754681
SUS	SUS	32464
Symptom	Symptom	44819184
Symptom/Finding	Symptom/Finding	45905721
Table	OMOP CDM Table	32486
Test	Test	45905711
Therapeutic Class	Therapeutic Class	44818995
Therap Subgroup	2nd Level - Therapeutic Subgroup	44819088
Topic	Topic	581407
Trade Product	Trade Product (AMT)	5040
Trade Product Pack	Trade Product Pack (AMT)	5039
Trade Product Unit	Trade Product Unit of Use (AMT)	5041
Treatment Episode	Treatment Episode	32525
Typ bill 3 digits	Typ bill 3 digits	32040
Type Concept	Type Concept	581453
UB04 Point of Origin	UB04 Point of Origin	32041
UB04 Pri Typ of Adm	UB04 Pri Typ of Adm	32042
UB04 Pt dis status	UB04 Pt dis status	32043
Undefined	Undefined	44819044
Unit	Unit	44819072
Units of Measure	Units of Measure	45905732
US Census Division	United States Census Bureau Division	32572
US Census Region	United States Census Bureau Region	32571
Vaccine	Human drug class Vaccine	45754855
VA Class	VA Class	44819277
VA Product	VA Product	44819278
Visit	OMOP Visit	44819023
Visit Type	Visit Type	44819039
Vital Source	Vital Source	45754803
VMP	Virtual Medicinal Product	5004
VMPP	Virtual Medicinal Product Pack	5005
Vocabulary	OMOP Vocabulary	44819279
VTM	Virtual Therapeutic Moiety	5007
Workflow	Workflow	45905723
\.


--
-- Data for Name: concept_relationship; Type: TABLE DATA; Schema: public; Owner: ohdsi
--

COPY concept_relationship (concept_id_1, concept_id_2, relationship_id, valid_start_date, valid_end_date, invalid_reason) FROM stdin;
200962	44500494	Subsumes	2015-09-18	2099-12-31	\N
200962	44501544	Subsumes	2015-09-18	2099-12-31	\N
200962	44499734	Subsumes	2015-09-18	2099-12-31	\N
200962	44500459	Subsumes	2015-09-18	2099-12-31	\N
200962	36540099	Subsumes	2015-09-18	2099-12-31	\N
200962	36564066	Subsumes	2015-09-18	2099-12-31	\N
200962	36545616	Subsumes	2015-09-18	2099-12-31	\N
200962	36544659	Subsumes	2015-09-18	2099-12-31	\N
200962	36559613	Subsumes	2015-09-18	2099-12-31	\N
200962	36552590	Subsumes	2015-09-18	2099-12-31	\N
200962	36520216	Subsumes	2015-09-18	2099-12-31	\N
200962	36554139	Subsumes	2015-09-18	2099-12-31	\N
200962	36539709	Subsumes	2015-09-18	2099-12-31	\N
200962	36538788	Subsumes	2015-09-18	2099-12-31	\N
200962	36555690	Subsumes	2015-09-18	2099-12-31	\N
200962	36552560	Subsumes	2015-09-18	2099-12-31	\N
200962	36526468	Subsumes	2015-09-18	2099-12-31	\N
200962	36567912	Subsumes	2015-09-18	2099-12-31	\N
200962	36552151	Subsumes	2015-09-18	2099-12-31	\N
200962	36522940	Subsumes	2015-09-18	2099-12-31	\N
200962	36550323	Subsumes	2015-09-18	2099-12-31	\N
200962	36566280	Subsumes	2015-09-18	2099-12-31	\N
200962	36558501	Subsumes	2015-09-18	2099-12-31	\N
200962	36536835	Subsumes	2015-09-18	2099-12-31	\N
200962	36531690	Subsumes	2015-09-18	2099-12-31	\N
200962	36528448	Subsumes	2015-09-18	2099-12-31	\N
200962	36524219	Subsumes	2015-09-18	2099-12-31	\N
200962	37311236	Subsumes	2020-03-09	2099-12-31	\N
200962	36545805	Subsumes	2015-09-18	2099-12-31	\N
200962	35206266	Mapped from	2019-01-09	2099-12-31	\N
200962	3406562	Mapped from	1970-01-01	2099-12-31	\N
200962	44499428	Subsumes	2015-09-18	2099-12-31	\N
200962	42512655	Subsumes	1970-01-01	2099-12-31	\N
200962	36547882	Subsumes	1970-01-01	2099-12-31	\N
200962	42512260	Subsumes	1970-01-01	2099-12-31	\N
200962	42512952	Subsumes	1970-01-01	2099-12-31	\N
200962	4116087	Subsumes	2011-07-31	2099-12-31	\N
200962	45547509	Mapped from	2018-11-28	2099-12-31	\N
200962	45526849	Mapped from	1970-01-01	2099-12-31	\N
200962	44500595	Subsumes	2015-09-18	2099-12-31	\N
200962	44499712	Subsumes	2015-09-18	2099-12-31	\N
200962	44502035	Subsumes	2015-09-18	2099-12-31	\N
200962	44499864	Subsumes	2015-09-18	2099-12-31	\N
200962	36557451	Subsumes	2015-09-18	2099-12-31	\N
200962	36567202	Subsumes	2015-09-18	2099-12-31	\N
200962	36543315	Subsumes	2015-09-18	2099-12-31	\N
200962	36534262	Subsumes	2015-09-18	2099-12-31	\N
200962	36517801	Subsumes	2015-09-18	2099-12-31	\N
200962	36550817	Subsumes	2015-09-18	2099-12-31	\N
200962	36564577	Subsumes	2015-09-18	2099-12-31	\N
200962	36550033	Subsumes	2015-09-18	2099-12-31	\N
200962	36535056	Subsumes	2015-09-18	2099-12-31	\N
200962	36563308	Subsumes	2015-09-18	2099-12-31	\N
200962	36531262	Subsumes	2015-09-18	2099-12-31	\N
200962	36546114	Subsumes	2015-09-18	2099-12-31	\N
200962	36539639	Subsumes	2015-09-18	2099-12-31	\N
200962	36551235	Subsumes	2015-09-18	2099-12-31	\N
200962	36535181	Subsumes	2015-09-18	2099-12-31	\N
200962	36545389	Subsumes	2015-09-18	2099-12-31	\N
200962	36545982	Subsumes	2015-09-18	2099-12-31	\N
200962	36533689	Subsumes	2015-09-18	2099-12-31	\N
200962	36529897	Subsumes	2015-09-18	2099-12-31	\N
200962	44501350	Subsumes	2015-09-18	2099-12-31	\N
200962	42512377	Subsumes	1970-01-01	2099-12-31	\N
200962	44503558	Subsumes	1970-01-01	2099-12-31	\N
200962	1406289	Mapped from	2016-01-01	2099-12-31	\N
200962	44501528	Subsumes	2015-09-18	2099-12-31	\N
200962	44499685	Subsumes	2015-09-18	2099-12-31	\N
200962	44501195	Subsumes	2015-09-18	2099-12-31	\N
200962	44499514	Subsumes	2015-09-18	2099-12-31	\N
200962	44500341	Subsumes	2015-09-18	2099-12-31	\N
200962	44501366	Subsumes	2015-09-18	2099-12-31	\N
200962	36526522	Subsumes	2015-09-18	2099-12-31	\N
200962	36538823	Subsumes	2015-09-18	2099-12-31	\N
200962	36554370	Subsumes	2015-09-18	2099-12-31	\N
200962	36566722	Subsumes	2015-09-18	2099-12-31	\N
200962	36535925	Subsumes	2015-09-18	2099-12-31	\N
200962	36553778	Subsumes	2015-09-18	2099-12-31	\N
200962	44500716	Subsumes	2015-09-18	2099-12-31	\N
200962	36563396	Subsumes	2015-09-18	2099-12-31	\N
200962	36543398	Subsumes	2015-09-18	2099-12-31	\N
200962	36550618	Subsumes	2015-09-18	2099-12-31	\N
200962	36543338	Subsumes	2015-09-18	2099-12-31	\N
200962	36519743	Subsumes	2015-09-18	2099-12-31	\N
200962	36530505	Subsumes	2015-09-18	2099-12-31	\N
200962	36522370	Subsumes	2015-09-18	2099-12-31	\N
200962	36558122	Subsumes	2015-09-18	2099-12-31	\N
200962	36521407	Subsumes	2015-09-18	2099-12-31	\N
200962	36540790	Subsumes	2015-09-18	2099-12-31	\N
200962	36559400	Subsumes	2015-09-18	2099-12-31	\N
200962	36540394	Subsumes	2015-09-18	2099-12-31	\N
200962	36518000	Subsumes	2015-09-18	2099-12-31	\N
200962	37311683	Subsumes	2020-03-09	2099-12-31	\N
200962	44502000	Subsumes	2015-09-18	2099-12-31	\N
200962	36568174	Subsumes	1970-01-01	2099-12-31	\N
200962	42511841	Subsumes	1970-01-01	2099-12-31	\N
200962	36520178	Subsumes	1970-01-01	2099-12-31	\N
200962	1406290	Mapped from	2016-01-01	2099-12-31	\N
200962	40486666	Subsumes	2011-07-31	2099-12-31	\N
200962	200962	Maps to	1970-01-01	2099-12-31	\N
200962	44822887	Mapped from	2013-10-10	2099-12-31	\N
200962	200962	Mapped from	1970-01-01	2099-12-31	\N
200962	45955133	Mapped from	1970-01-01	2099-12-31	\N
200962	37016740	Subsumes	2016-01-31	2099-12-31	\N
200962	44499641	Subsumes	2015-09-18	2099-12-31	\N
200962	44503145	Subsumes	2015-09-18	2099-12-31	\N
200962	44500734	Subsumes	2015-09-18	2099-12-31	\N
200962	44501968	Subsumes	2015-09-18	2099-12-31	\N
200962	44501627	Subsumes	2015-09-18	2099-12-31	\N
200962	44502350	Subsumes	2015-09-18	2099-12-31	\N
200962	44503555	Subsumes	2015-09-18	2099-12-31	\N
200962	36525551	Subsumes	2015-09-18	2099-12-31	\N
200962	36565415	Subsumes	2015-09-18	2099-12-31	\N
200962	44502766	Subsumes	2015-09-18	2099-12-31	\N
200962	36529044	Subsumes	2015-09-18	2099-12-31	\N
200962	36534013	Subsumes	2015-09-18	2099-12-31	\N
200962	36531450	Subsumes	2015-09-18	2099-12-31	\N
200962	36532454	Subsumes	2015-09-18	2099-12-31	\N
200962	36532395	Subsumes	2015-09-18	2099-12-31	\N
200962	36534105	Subsumes	2015-09-18	2099-12-31	\N
200962	36519069	Subsumes	2015-09-18	2099-12-31	\N
200962	36528487	Subsumes	2015-09-18	2099-12-31	\N
200962	36554023	Subsumes	2015-09-18	2099-12-31	\N
200962	36540664	Subsumes	2015-09-18	2099-12-31	\N
200962	36560590	Subsumes	2015-09-18	2099-12-31	\N
200962	36520903	Subsumes	2015-09-18	2099-12-31	\N
200962	36556099	Subsumes	2015-09-18	2099-12-31	\N
200962	36533342	Subsumes	2015-09-18	2099-12-31	\N
200962	36565427	Subsumes	2015-09-18	2099-12-31	\N
200962	36552989	Subsumes	2015-09-18	2099-12-31	\N
200962	36519333	Subsumes	2015-09-18	2099-12-31	\N
200962	36564340	Subsumes	2015-09-18	2099-12-31	\N
200962	36519105	Subsumes	2015-09-18	2099-12-31	\N
200962	36563529	Subsumes	2015-09-18	2099-12-31	\N
200962	36525831	Subsumes	2015-09-18	2099-12-31	\N
200962	36529320	Subsumes	2015-09-18	2099-12-31	\N
200962	36559668	Subsumes	2015-09-18	2099-12-31	\N
200962	36525240	Subsumes	2015-09-18	2099-12-31	\N
200962	36548533	Subsumes	2015-09-18	2099-12-31	\N
200962	36527397	Subsumes	2015-09-18	2099-12-31	\N
200962	36547390	Subsumes	2015-09-18	2099-12-31	\N
200962	36524677	Subsumes	2015-09-18	2099-12-31	\N
200962	36547024	Subsumes	2015-09-18	2099-12-31	\N
200962	42485031	Mapped from	2019-09-12	2099-12-31	\N
200962	44499820	Subsumes	2015-09-18	2099-12-31	\N
200962	36566340	Subsumes	1970-01-01	2099-12-31	\N
200962	36543006	Subsumes	1970-01-01	2099-12-31	\N
200962	36551411	Subsumes	1970-01-01	2099-12-31	\N
1406289	1406290	Subsumes	2016-01-01	2099-12-31	\N
1406289	200962	Maps to	2016-01-01	2099-12-31	\N
1406290	1406289	Is a	2016-01-01	2099-12-31	\N
1406290	200962	Maps to	2016-01-01	2099-12-31	\N
3104949	4116087	Maps to	1970-01-01	2099-12-31	\N
3104949	3372775	Concept same_as to	2019-08-16	2099-12-31	\N
3225108	3319817	Is a	2019-08-16	2099-12-31	\N
3225108	40488897	Maps to	1970-01-01	2099-12-31	\N
3308258	4288534	Maps to	1970-01-01	2099-12-31	\N
3308258	3372775	Is a	2019-08-16	2099-12-31	\N
3319817	3225108	Subsumes	2019-08-16	2099-12-31	\N
3319817	3406562	Is a	2019-08-16	2099-12-31	\N
3319817	3363359	Subsumes	2019-08-16	2099-12-31	\N
3319817	40486666	Maps to	1970-01-01	2099-12-31	\N
3363359	3319817	Is a	2019-08-16	2099-12-31	\N
3363359	40488901	Maps to	1970-01-01	2099-12-31	\N
3372775	3406562	Is a	2019-08-16	2099-12-31	\N
3372775	4116087	Maps to	1970-01-01	2099-12-31	\N
3372775	3104949	Concept same_as from	2019-08-16	2099-12-31	\N
3372775	3308258	Subsumes	2019-08-16	2099-12-31	\N
3372775	3414740	Subsumes	2019-08-16	2099-12-31	\N
3375730	4082919	Maps to	1970-01-01	2099-12-31	\N
3375730	3414740	Is a	2019-08-16	2099-12-31	\N
3406450	3406562	Is a	2019-08-16	2099-12-31	\N
3406450	37016740	Maps to	1970-01-01	2099-12-31	\N
3406562	3406450	Subsumes	2019-08-16	2099-12-31	\N
3406562	3319817	Subsumes	2019-08-16	2099-12-31	\N
3406562	3372775	Subsumes	2019-08-16	2099-12-31	\N
3406562	200962	Maps to	1970-01-01	2099-12-31	\N
3414740	3375730	Subsumes	2019-08-16	2099-12-31	\N
3414740	3372775	Is a	2019-08-16	2099-12-31	\N
3414740	4161028	Maps to	1970-01-01	2099-12-31	\N
4082919	3375730	Mapped from	1970-01-01	2099-12-31	\N
4082919	4082919	Maps to	1970-01-01	2099-12-31	\N
4082919	4082919	Mapped from	1970-01-01	2099-12-31	\N
4082919	4161028	Is a	2011-07-31	2099-12-31	\N
4116087	4116087	Maps to	1970-01-01	2099-12-31	\N
4116087	4116087	Mapped from	1970-01-01	2099-12-31	\N
4116087	44503133	Subsumes	2015-09-18	2099-12-31	\N
4116087	3104949	Mapped from	1970-01-01	2099-12-31	\N
4116087	4288534	Subsumes	2011-07-31	2099-12-31	\N
4116087	45524774	Mapped from	1970-01-01	2099-12-31	\N
4116087	45930504	Mapped from	1970-01-01	2099-12-31	\N
4116087	40320238	Concept same_as from	2014-04-01	2099-12-31	\N
4116087	40320238	Mapped from	1970-01-01	2099-12-31	\N
4116087	3372775	Mapped from	1970-01-01	2099-12-31	\N
4116087	200962	Is a	2011-07-31	2099-12-31	\N
4116087	4161028	Subsumes	2011-07-31	2099-12-31	\N
4161028	4116087	Is a	2011-07-31	2099-12-31	\N
4161028	45910570	Mapped from	1970-01-01	2099-12-31	\N
4161028	4082919	Subsumes	2011-07-31	2099-12-31	\N
4161028	4161028	Maps to	1970-01-01	2099-12-31	\N
4161028	45525832	Mapped from	1970-01-01	2099-12-31	\N
4161028	4161028	Mapped from	1970-01-01	2099-12-31	\N
4161028	3414740	Mapped from	1970-01-01	2099-12-31	\N
4288534	4116087	Is a	2011-07-31	2099-12-31	\N
4288534	4288534	Maps to	1970-01-01	2099-12-31	\N
4288534	4288534	Mapped from	1970-01-01	2099-12-31	\N
4288534	3308258	Mapped from	1970-01-01	2099-12-31	\N
35206266	200962	Maps to	2019-01-09	2099-12-31	\N
36517339	36517339	Maps to	2015-09-18	2099-12-31	\N
36517339	36517339	Mapped from	2015-09-18	2099-12-31	\N
36517339	40486666	Is a	2015-09-18	2099-12-31	\N
36517801	36517801	Maps to	2015-09-18	2099-12-31	\N
36517801	36517801	Mapped from	2015-09-18	2099-12-31	\N
36517801	200962	Is a	2015-09-18	2099-12-31	\N
36518000	36518000	Maps to	2015-09-18	2099-12-31	\N
36518000	36518000	Mapped from	2015-09-18	2099-12-31	\N
36518000	200962	Is a	2015-09-18	2099-12-31	\N
36519069	36519069	Mapped from	2015-09-18	2099-12-31	\N
36519069	36519069	Maps to	2015-09-18	2099-12-31	\N
36519069	200962	Is a	2015-09-18	2099-12-31	\N
36519105	36519105	Mapped from	2015-09-18	2099-12-31	\N
36519105	36519105	Maps to	2015-09-18	2099-12-31	\N
36519105	200962	Is a	2015-09-18	2099-12-31	\N
36519333	36519333	Maps to	2015-09-18	2099-12-31	\N
36519333	36519333	Mapped from	2015-09-18	2099-12-31	\N
36519333	200962	Is a	2015-09-18	2099-12-31	\N
36519743	36519743	Maps to	2015-09-18	2099-12-31	\N
36519743	36519743	Mapped from	2015-09-18	2099-12-31	\N
36519743	200962	Is a	2015-09-18	2099-12-31	\N
36520178	36520178	Maps to	2015-09-18	2099-12-31	\N
36520178	36520178	Mapped from	2015-09-18	2099-12-31	\N
36520178	200962	Is a	1970-01-01	2099-12-31	\N
36520216	36520216	Mapped from	2015-09-18	2099-12-31	\N
36520216	36520216	Maps to	2015-09-18	2099-12-31	\N
36520216	200962	Is a	2015-09-18	2099-12-31	\N
36520903	36520903	Mapped from	2015-09-18	2099-12-31	\N
36520903	36520903	Maps to	2015-09-18	2099-12-31	\N
36520903	200962	Is a	2015-09-18	2099-12-31	\N
36521407	36521407	Maps to	2015-09-18	2099-12-31	\N
36521407	36521407	Mapped from	2015-09-18	2099-12-31	\N
36521407	200962	Is a	2015-09-18	2099-12-31	\N
36522370	36522370	Maps to	2015-09-18	2099-12-31	\N
36522370	36522370	Mapped from	2015-09-18	2099-12-31	\N
36522370	200962	Is a	2015-09-18	2099-12-31	\N
36522940	36522940	Mapped from	2015-09-18	2099-12-31	\N
36522940	36522940	Maps to	2015-09-18	2099-12-31	\N
36522940	200962	Is a	2015-09-18	2099-12-31	\N
36524219	36524219	Mapped from	2015-09-18	2099-12-31	\N
36524219	36524219	Maps to	2015-09-18	2099-12-31	\N
36524219	200962	Is a	2015-09-18	2099-12-31	\N
36524677	36524677	Mapped from	2015-09-18	2099-12-31	\N
36524677	36524677	Maps to	2015-09-18	2099-12-31	\N
36524677	200962	Is a	2015-09-18	2099-12-31	\N
36525240	36525240	Mapped from	2015-09-18	2099-12-31	\N
36525240	36525240	Maps to	2015-09-18	2099-12-31	\N
36525240	200962	Is a	2015-09-18	2099-12-31	\N
36525551	36525551	Mapped from	2015-09-18	2099-12-31	\N
36525551	36525551	Maps to	2015-09-18	2099-12-31	\N
36525551	200962	Is a	2015-09-18	2099-12-31	\N
36525831	36525831	Maps to	2015-09-18	2099-12-31	\N
36525831	36525831	Mapped from	2015-09-18	2099-12-31	\N
36525831	200962	Is a	2015-09-18	2099-12-31	\N
36526468	36526468	Maps to	2015-09-18	2099-12-31	\N
36526468	36526468	Mapped from	2015-09-18	2099-12-31	\N
36526468	200962	Is a	2015-09-18	2099-12-31	\N
36526522	36526522	Mapped from	2015-09-18	2099-12-31	\N
36526522	36526522	Maps to	2015-09-18	2099-12-31	\N
36526522	200962	Is a	2015-09-18	2099-12-31	\N
36527397	36527397	Mapped from	2015-09-18	2099-12-31	\N
36527397	36527397	Maps to	2015-09-18	2099-12-31	\N
36527397	200962	Is a	2015-09-18	2099-12-31	\N
36527764	36527764	Maps to	2015-09-18	2099-12-31	\N
36527764	36527764	Mapped from	2015-09-18	2099-12-31	\N
36527764	40486666	Is a	2015-09-18	2099-12-31	\N
36528448	36528448	Maps to	2015-09-18	2099-12-31	\N
36528448	36528448	Mapped from	2015-09-18	2099-12-31	\N
36528448	200962	Is a	2015-09-18	2099-12-31	\N
36528487	36528487	Maps to	2015-09-18	2099-12-31	\N
36528487	36528487	Mapped from	2015-09-18	2099-12-31	\N
36528487	200962	Is a	2015-09-18	2099-12-31	\N
36529044	36529044	Mapped from	2015-09-18	2099-12-31	\N
36529044	36529044	Maps to	2015-09-18	2099-12-31	\N
36529044	200962	Is a	2015-09-18	2099-12-31	\N
36529320	36529320	Mapped from	2015-09-18	2099-12-31	\N
36529320	36529320	Maps to	2015-09-18	2099-12-31	\N
36529320	200962	Is a	2015-09-18	2099-12-31	\N
36529897	36529897	Maps to	2015-09-18	2099-12-31	\N
36529897	36529897	Mapped from	2015-09-18	2099-12-31	\N
36529897	200962	Is a	2015-09-18	2099-12-31	\N
36530505	36530505	Maps to	2015-09-18	2099-12-31	\N
36530505	36530505	Mapped from	2015-09-18	2099-12-31	\N
36530505	200962	Is a	2015-09-18	2099-12-31	\N
36531255	36531255	Mapped from	2015-09-18	2099-12-31	\N
36531255	36531255	Maps to	2015-09-18	2099-12-31	\N
36531255	40486666	Is a	2015-09-18	2099-12-31	\N
36531262	36531262	Mapped from	2015-09-18	2099-12-31	\N
36531262	36531262	Maps to	2015-09-18	2099-12-31	\N
36531262	200962	Is a	2015-09-18	2099-12-31	\N
36531450	36531450	Maps to	2015-09-18	2099-12-31	\N
36531450	36531450	Mapped from	2015-09-18	2099-12-31	\N
36531450	200962	Is a	2015-09-18	2099-12-31	\N
36531690	36531690	Maps to	2015-09-18	2099-12-31	\N
36531690	36531690	Mapped from	2015-09-18	2099-12-31	\N
36531690	200962	Is a	2015-09-18	2099-12-31	\N
36532395	36532395	Maps to	2015-09-18	2099-12-31	\N
36532395	36532395	Mapped from	2015-09-18	2099-12-31	\N
36532395	200962	Is a	2015-09-18	2099-12-31	\N
36532454	36532454	Mapped from	2015-09-18	2099-12-31	\N
36532454	36532454	Maps to	2015-09-18	2099-12-31	\N
36532454	200962	Is a	2015-09-18	2099-12-31	\N
36533342	36533342	Mapped from	2015-09-18	2099-12-31	\N
36533342	36533342	Maps to	2015-09-18	2099-12-31	\N
36533342	200962	Is a	2015-09-18	2099-12-31	\N
36533689	36533689	Maps to	2015-09-18	2099-12-31	\N
36533689	36533689	Mapped from	2015-09-18	2099-12-31	\N
36533689	200962	Is a	2015-09-18	2099-12-31	\N
36534013	36534013	Mapped from	2015-09-18	2099-12-31	\N
36534013	36534013	Maps to	2015-09-18	2099-12-31	\N
36534013	200962	Is a	2015-09-18	2099-12-31	\N
36534105	36534105	Maps to	2015-09-18	2099-12-31	\N
36534105	36534105	Mapped from	2015-09-18	2099-12-31	\N
36534105	200962	Is a	2015-09-18	2099-12-31	\N
36534262	36534262	Maps to	2015-09-18	2099-12-31	\N
36534262	36534262	Mapped from	2015-09-18	2099-12-31	\N
36534262	200962	Is a	2015-09-18	2099-12-31	\N
36535056	36535056	Maps to	2015-09-18	2099-12-31	\N
36535056	36535056	Mapped from	2015-09-18	2099-12-31	\N
36535056	200962	Is a	2015-09-18	2099-12-31	\N
36535181	36535181	Maps to	2015-09-18	2099-12-31	\N
36535181	36535181	Mapped from	2015-09-18	2099-12-31	\N
36535181	200962	Is a	2015-09-18	2099-12-31	\N
36535925	36535925	Mapped from	2015-09-18	2099-12-31	\N
36535925	36535925	Maps to	2015-09-18	2099-12-31	\N
36535925	200962	Is a	2015-09-18	2099-12-31	\N
36536835	36536835	Maps to	2015-09-18	2099-12-31	\N
36536835	36536835	Mapped from	2015-09-18	2099-12-31	\N
36536835	200962	Is a	2015-09-18	2099-12-31	\N
36538788	36538788	Mapped from	2015-09-18	2099-12-31	\N
36538788	36538788	Maps to	2015-09-18	2099-12-31	\N
36538788	200962	Is a	2015-09-18	2099-12-31	\N
36538823	36538823	Maps to	2015-09-18	2099-12-31	\N
36538823	36538823	Mapped from	2015-09-18	2099-12-31	\N
36538823	200962	Is a	2015-09-18	2099-12-31	\N
36539639	36539639	Maps to	2015-09-18	2099-12-31	\N
36539639	36539639	Mapped from	2015-09-18	2099-12-31	\N
36539639	200962	Is a	2015-09-18	2099-12-31	\N
36539709	36539709	Maps to	2015-09-18	2099-12-31	\N
36539709	36539709	Mapped from	2015-09-18	2099-12-31	\N
36539709	200962	Is a	2015-09-18	2099-12-31	\N
36540099	36540099	Mapped from	2015-09-18	2099-12-31	\N
36540099	36540099	Maps to	2015-09-18	2099-12-31	\N
36540099	200962	Is a	2015-09-18	2099-12-31	\N
36540394	36540394	Mapped from	2015-09-18	2099-12-31	\N
36540394	36540394	Maps to	2015-09-18	2099-12-31	\N
36540394	200962	Is a	2015-09-18	2099-12-31	\N
36540664	36540664	Mapped from	2015-09-18	2099-12-31	\N
36540664	36540664	Maps to	2015-09-18	2099-12-31	\N
36540664	200962	Is a	2015-09-18	2099-12-31	\N
36540790	36540790	Maps to	2015-09-18	2099-12-31	\N
36540790	36540790	Mapped from	2015-09-18	2099-12-31	\N
36540790	200962	Is a	2015-09-18	2099-12-31	\N
36543006	36543006	Mapped from	2015-09-18	2099-12-31	\N
36543006	36543006	Maps to	2015-09-18	2099-12-31	\N
36543006	200962	Is a	1970-01-01	2099-12-31	\N
36543214	40486666	Is a	2015-09-18	2099-12-31	\N
36543214	36543214	Mapped from	2015-09-18	2099-12-31	\N
36543214	36543214	Maps to	2015-09-18	2099-12-31	\N
36543315	36543315	Maps to	2015-09-18	2099-12-31	\N
36543315	36543315	Mapped from	2015-09-18	2099-12-31	\N
36543315	200962	Is a	2015-09-18	2099-12-31	\N
36543338	36543338	Maps to	2015-09-18	2099-12-31	\N
36543338	36543338	Mapped from	2015-09-18	2099-12-31	\N
36543338	200962	Is a	2015-09-18	2099-12-31	\N
36543398	36543398	Mapped from	2015-09-18	2099-12-31	\N
36543398	36543398	Maps to	2015-09-18	2099-12-31	\N
36543398	200962	Is a	2015-09-18	2099-12-31	\N
36544527	36544527	Mapped from	2015-09-18	2099-12-31	\N
36544527	36544527	Maps to	2015-09-18	2099-12-31	\N
36544527	40486666	Is a	2015-09-18	2099-12-31	\N
36544659	36544659	Mapped from	2015-09-18	2099-12-31	\N
36544659	36544659	Maps to	2015-09-18	2099-12-31	\N
36544659	200962	Is a	2015-09-18	2099-12-31	\N
36545389	36545389	Maps to	2015-09-18	2099-12-31	\N
36545389	36545389	Mapped from	2015-09-18	2099-12-31	\N
36545389	200962	Is a	2015-09-18	2099-12-31	\N
36545616	36545616	Maps to	2015-09-18	2099-12-31	\N
36545616	36545616	Mapped from	2015-09-18	2099-12-31	\N
36545616	200962	Is a	2015-09-18	2099-12-31	\N
36545805	36545805	Mapped from	2015-09-18	2099-12-31	\N
36545805	36545805	Maps to	2015-09-18	2099-12-31	\N
36545805	200962	Is a	2015-09-18	2099-12-31	\N
36545982	36545982	Maps to	2015-09-18	2099-12-31	\N
36545982	36545982	Mapped from	2015-09-18	2099-12-31	\N
36545982	200962	Is a	2015-09-18	2099-12-31	\N
36546114	36546114	Mapped from	2015-09-18	2099-12-31	\N
36546114	36546114	Maps to	2015-09-18	2099-12-31	\N
36546114	200962	Is a	2015-09-18	2099-12-31	\N
36547024	36547024	Mapped from	2015-09-18	2099-12-31	\N
36547024	36547024	Maps to	2015-09-18	2099-12-31	\N
36547024	200962	Is a	2015-09-18	2099-12-31	\N
36547390	36547390	Maps to	2015-09-18	2099-12-31	\N
36547390	36547390	Mapped from	2015-09-18	2099-12-31	\N
36547390	200962	Is a	2015-09-18	2099-12-31	\N
36547882	36547882	Mapped from	2015-09-18	2099-12-31	\N
36547882	36547882	Maps to	2015-09-18	2099-12-31	\N
36547882	200962	Is a	1970-01-01	2099-12-31	\N
36548533	36548533	Maps to	2015-09-18	2099-12-31	\N
36548533	36548533	Mapped from	2015-09-18	2099-12-31	\N
36548533	200962	Is a	2015-09-18	2099-12-31	\N
36550033	36550033	Mapped from	2015-09-18	2099-12-31	\N
36550033	36550033	Maps to	2015-09-18	2099-12-31	\N
36550033	200962	Is a	2015-09-18	2099-12-31	\N
36550323	36550323	Maps to	2015-09-18	2099-12-31	\N
36550323	36550323	Mapped from	2015-09-18	2099-12-31	\N
36550323	200962	Is a	2015-09-18	2099-12-31	\N
36550618	36550618	Mapped from	2015-09-18	2099-12-31	\N
36550618	36550618	Maps to	2015-09-18	2099-12-31	\N
36550618	200962	Is a	2015-09-18	2099-12-31	\N
36550674	36550674	Maps to	2015-09-18	2099-12-31	\N
36550674	36550674	Mapped from	2015-09-18	2099-12-31	\N
36550674	40486666	Is a	2015-09-18	2099-12-31	\N
36550817	36550817	Maps to	2015-09-18	2099-12-31	\N
36550817	36550817	Mapped from	2015-09-18	2099-12-31	\N
36550817	200962	Is a	2015-09-18	2099-12-31	\N
36551235	36551235	Mapped from	2015-09-18	2099-12-31	\N
36551235	36551235	Maps to	2015-09-18	2099-12-31	\N
36551235	200962	Is a	2015-09-18	2099-12-31	\N
36551411	36551411	Mapped from	2015-09-18	2099-12-31	\N
36551411	36551411	Maps to	2015-09-18	2099-12-31	\N
36551411	200962	Is a	1970-01-01	2099-12-31	\N
36552151	36552151	Maps to	2015-09-18	2099-12-31	\N
36552151	36552151	Mapped from	2015-09-18	2099-12-31	\N
36552151	200962	Is a	2015-09-18	2099-12-31	\N
36552560	36552560	Mapped from	2015-09-18	2099-12-31	\N
36552560	36552560	Maps to	2015-09-18	2099-12-31	\N
36552560	200962	Is a	2015-09-18	2099-12-31	\N
36552590	36552590	Mapped from	2015-09-18	2099-12-31	\N
36552590	36552590	Maps to	2015-09-18	2099-12-31	\N
36552590	200962	Is a	2015-09-18	2099-12-31	\N
36552989	36552989	Maps to	2015-09-18	2099-12-31	\N
36552989	36552989	Mapped from	2015-09-18	2099-12-31	\N
36552989	200962	Is a	2015-09-18	2099-12-31	\N
36553778	36553778	Mapped from	2015-09-18	2099-12-31	\N
36553778	36553778	Maps to	2015-09-18	2099-12-31	\N
36553778	200962	Is a	2015-09-18	2099-12-31	\N
36554023	36554023	Mapped from	2015-09-18	2099-12-31	\N
36554023	36554023	Maps to	2015-09-18	2099-12-31	\N
36554023	200962	Is a	2015-09-18	2099-12-31	\N
36554139	36554139	Mapped from	2015-09-18	2099-12-31	\N
36554139	36554139	Maps to	2015-09-18	2099-12-31	\N
36554139	200962	Is a	2015-09-18	2099-12-31	\N
36554370	36554370	Mapped from	2015-09-18	2099-12-31	\N
36554370	36554370	Maps to	2015-09-18	2099-12-31	\N
36554370	200962	Is a	2015-09-18	2099-12-31	\N
36555690	36555690	Mapped from	2015-09-18	2099-12-31	\N
36555690	36555690	Maps to	2015-09-18	2099-12-31	\N
36555690	200962	Is a	2015-09-18	2099-12-31	\N
36556099	36556099	Mapped from	2015-09-18	2099-12-31	\N
36556099	36556099	Maps to	2015-09-18	2099-12-31	\N
36556099	200962	Is a	2015-09-18	2099-12-31	\N
36557451	36557451	Maps to	2015-09-18	2099-12-31	\N
36557451	36557451	Mapped from	2015-09-18	2099-12-31	\N
36557451	200962	Is a	2015-09-18	2099-12-31	\N
36558122	36558122	Maps to	2015-09-18	2099-12-31	\N
36558122	36558122	Mapped from	2015-09-18	2099-12-31	\N
36558122	200962	Is a	2015-09-18	2099-12-31	\N
36558501	36558501	Maps to	2015-09-18	2099-12-31	\N
36558501	36558501	Mapped from	2015-09-18	2099-12-31	\N
36558501	200962	Is a	2015-09-18	2099-12-31	\N
36559400	36559400	Mapped from	2015-09-18	2099-12-31	\N
36559400	36559400	Maps to	2015-09-18	2099-12-31	\N
36559400	200962	Is a	2015-09-18	2099-12-31	\N
36559613	36559613	Maps to	2015-09-18	2099-12-31	\N
36559613	36559613	Mapped from	2015-09-18	2099-12-31	\N
36559613	200962	Is a	2015-09-18	2099-12-31	\N
36559668	36559668	Mapped from	2015-09-18	2099-12-31	\N
36559668	36559668	Maps to	2015-09-18	2099-12-31	\N
36559668	200962	Is a	2015-09-18	2099-12-31	\N
36560590	36560590	Maps to	2015-09-18	2099-12-31	\N
36560590	36560590	Mapped from	2015-09-18	2099-12-31	\N
36560590	200962	Is a	2015-09-18	2099-12-31	\N
36563308	36563308	Maps to	2015-09-18	2099-12-31	\N
36563308	36563308	Mapped from	2015-09-18	2099-12-31	\N
36563308	200962	Is a	2015-09-18	2099-12-31	\N
36563396	36563396	Maps to	2015-09-18	2099-12-31	\N
36563396	36563396	Mapped from	2015-09-18	2099-12-31	\N
36563396	200962	Is a	2015-09-18	2099-12-31	\N
36563529	36563529	Mapped from	2015-09-18	2099-12-31	\N
36563529	36563529	Maps to	2015-09-18	2099-12-31	\N
36563529	200962	Is a	2015-09-18	2099-12-31	\N
36564066	36564066	Mapped from	2015-09-18	2099-12-31	\N
36564066	36564066	Maps to	2015-09-18	2099-12-31	\N
36564066	200962	Is a	2015-09-18	2099-12-31	\N
36564340	36564340	Maps to	2015-09-18	2099-12-31	\N
36564340	36564340	Mapped from	2015-09-18	2099-12-31	\N
36564340	200962	Is a	2015-09-18	2099-12-31	\N
36564577	36564577	Maps to	2015-09-18	2099-12-31	\N
36564577	36564577	Mapped from	2015-09-18	2099-12-31	\N
36564577	200962	Is a	2015-09-18	2099-12-31	\N
36565415	36565415	Mapped from	2015-09-18	2099-12-31	\N
36565415	36565415	Maps to	2015-09-18	2099-12-31	\N
36565415	200962	Is a	2015-09-18	2099-12-31	\N
36565427	36565427	Mapped from	2015-09-18	2099-12-31	\N
36565427	36565427	Maps to	2015-09-18	2099-12-31	\N
36565427	200962	Is a	2015-09-18	2099-12-31	\N
36566280	36566280	Maps to	2015-09-18	2099-12-31	\N
36566280	36566280	Mapped from	2015-09-18	2099-12-31	\N
36566280	200962	Is a	2015-09-18	2099-12-31	\N
36566340	36566340	Mapped from	2015-09-18	2099-12-31	\N
36566340	36566340	Maps to	2015-09-18	2099-12-31	\N
36566340	200962	Is a	1970-01-01	2099-12-31	\N
36566722	36566722	Mapped from	2015-09-18	2099-12-31	\N
36566722	36566722	Maps to	2015-09-18	2099-12-31	\N
36566722	200962	Is a	2015-09-18	2099-12-31	\N
36567202	36567202	Mapped from	2015-09-18	2099-12-31	\N
36567202	36567202	Maps to	2015-09-18	2099-12-31	\N
36567202	200962	Is a	2015-09-18	2099-12-31	\N
36567912	36567912	Maps to	2015-09-18	2099-12-31	\N
36567912	36567912	Mapped from	2015-09-18	2099-12-31	\N
36567912	200962	Is a	2015-09-18	2099-12-31	\N
36568174	36568174	Maps to	2019-06-01	2099-12-31	\N
36568174	36568174	Mapped from	2019-06-01	2099-12-31	\N
36568174	200962	Is a	1970-01-01	2099-12-31	\N
37016740	3406450	Mapped from	1970-01-01	2099-12-31	\N
37016740	200962	Is a	2016-01-31	2099-12-31	\N
37016740	37016740	Mapped from	2016-01-31	2099-12-31	\N
37016740	37016740	Maps to	2016-01-31	2099-12-31	\N
37311236	37311236	Mapped from	2020-03-09	2099-12-31	\N
37311236	37311236	Maps to	2020-03-09	2099-12-31	\N
37311236	200962	Is a	2020-03-09	2099-12-31	\N
37311683	37311683	Mapped from	2020-03-09	2099-12-31	\N
37311683	37311683	Maps to	2020-03-09	2099-12-31	\N
37311683	200962	Is a	2020-03-09	2099-12-31	\N
40320238	4116087	Concept same_as to	2014-04-01	2099-12-31	\N
40320238	4116087	Maps to	1970-01-01	2099-12-31	\N
40486666	36527764	Subsumes	2015-09-18	2099-12-31	\N
40486666	36517339	Subsumes	2015-09-18	2099-12-31	\N
40486666	42512688	Subsumes	1970-01-01	2099-12-31	\N
40486666	40486666	Maps to	2011-07-31	2099-12-31	\N
40486666	40486666	Mapped from	2011-07-31	2099-12-31	\N
40486666	36544527	Subsumes	2015-09-18	2099-12-31	\N
40486666	36531255	Subsumes	2015-09-18	2099-12-31	\N
40486666	36550674	Subsumes	2015-09-18	2099-12-31	\N
40486666	3319817	Mapped from	1970-01-01	2099-12-31	\N
40486666	40488901	Subsumes	2011-07-31	2099-12-31	\N
40486666	36543214	Subsumes	2015-09-18	2099-12-31	\N
40486666	200962	Is a	2011-07-31	2099-12-31	\N
40486666	40488897	Subsumes	2011-07-31	2099-12-31	\N
40488897	3225108	Mapped from	1970-01-01	2099-12-31	\N
40488897	44500910	Subsumes	2015-09-18	2099-12-31	\N
40488897	40486666	Is a	2011-07-31	2099-12-31	\N
40488897	40488897	Maps to	2011-07-31	2099-12-31	\N
40488897	40488897	Mapped from	2011-07-31	2099-12-31	\N
40488901	42512430	Subsumes	1970-01-01	2099-12-31	\N
40488901	40486666	Is a	2011-07-31	2099-12-31	\N
40488901	3363359	Mapped from	1970-01-01	2099-12-31	\N
40488901	40488901	Maps to	2011-07-31	2099-12-31	\N
40488901	40488901	Mapped from	2011-07-31	2099-12-31	\N
42485031	200962	Maps to	2019-09-12	2099-12-31	\N
42511841	42511841	Maps to	2019-06-01	2099-12-31	\N
42511841	42511841	Mapped from	2019-06-01	2099-12-31	\N
42511841	200962	Is a	1970-01-01	2099-12-31	\N
42512260	42512260	Maps to	2019-06-01	2099-12-31	\N
42512260	42512260	Mapped from	2019-06-01	2099-12-31	\N
42512260	200962	Is a	1970-01-01	2099-12-31	\N
42512377	42512377	Maps to	2019-06-01	2099-12-31	\N
42512377	42512377	Mapped from	2019-06-01	2099-12-31	\N
42512377	200962	Is a	1970-01-01	2099-12-31	\N
42512430	42512430	Maps to	2019-06-01	2099-12-31	\N
42512430	42512430	Mapped from	2019-06-01	2099-12-31	\N
42512430	40488901	Is a	1970-01-01	2099-12-31	\N
42512655	42512655	Maps to	2019-06-01	2099-12-31	\N
42512655	42512655	Mapped from	2019-06-01	2099-12-31	\N
42512655	200962	Is a	1970-01-01	2099-12-31	\N
42512688	42512688	Maps to	2019-06-01	2099-12-31	\N
42512688	42512688	Mapped from	2019-06-01	2099-12-31	\N
42512688	40486666	Is a	1970-01-01	2099-12-31	\N
42512952	42512952	Maps to	2019-06-01	2099-12-31	\N
42512952	42512952	Mapped from	2019-06-01	2099-12-31	\N
42512952	200962	Is a	1970-01-01	2099-12-31	\N
44499428	44499428	Mapped from	2015-09-18	2099-12-31	\N
44499428	44499428	Maps to	2015-09-18	2099-12-31	\N
44499428	200962	Is a	2015-09-18	2099-12-31	\N
44499514	44499514	Mapped from	2015-09-18	2099-12-31	\N
44499514	44499514	Maps to	2015-09-18	2099-12-31	\N
44499514	200962	Is a	2015-09-18	2099-12-31	\N
44499641	200962	Is a	2015-09-18	2099-12-31	\N
44499641	44499641	Maps to	2015-09-18	2099-12-31	\N
44499641	44499641	Mapped from	2015-09-18	2099-12-31	\N
44499685	44499685	Maps to	2015-09-18	2099-12-31	\N
44499685	44499685	Mapped from	2015-09-18	2099-12-31	\N
44499685	200962	Is a	2015-09-18	2099-12-31	\N
44499712	44499712	Mapped from	2015-09-18	2099-12-31	\N
44499712	44499712	Maps to	2015-09-18	2099-12-31	\N
44499712	200962	Is a	2015-09-18	2099-12-31	\N
44499734	44499734	Mapped from	2015-09-18	2099-12-31	\N
44499734	44499734	Maps to	2015-09-18	2099-12-31	\N
44499734	200962	Is a	2015-09-18	2099-12-31	\N
44499820	44499820	Mapped from	2015-09-18	2099-12-31	\N
44499820	44499820	Maps to	2015-09-18	2099-12-31	\N
44499820	200962	Is a	2015-09-18	2099-12-31	\N
44499864	44499864	Mapped from	2015-09-18	2099-12-31	\N
44499864	44499864	Maps to	2015-09-18	2099-12-31	\N
44499864	200962	Is a	2015-09-18	2099-12-31	\N
44500341	44500341	Mapped from	2015-09-18	2099-12-31	\N
44500341	44500341	Maps to	2015-09-18	2099-12-31	\N
44500341	200962	Is a	2015-09-18	2099-12-31	\N
44500459	44500459	Maps to	2015-09-18	2099-12-31	\N
44500459	44500459	Mapped from	2015-09-18	2099-12-31	\N
44500459	200962	Is a	2015-09-18	2099-12-31	\N
44500595	44500595	Mapped from	2015-09-18	2099-12-31	\N
44500595	44500595	Maps to	2015-09-18	2099-12-31	\N
44500595	200962	Is a	2015-09-18	2099-12-31	\N
44500716	44500716	Maps to	2015-09-18	2099-12-31	\N
44500716	44500716	Mapped from	2015-09-18	2099-12-31	\N
44500716	200962	Is a	2015-09-18	2099-12-31	\N
44500734	44500734	Maps to	2015-09-18	2099-12-31	\N
44500734	44500734	Mapped from	2015-09-18	2099-12-31	\N
44500734	200962	Is a	2015-09-18	2099-12-31	\N
44500910	44500910	Mapped from	2015-09-18	2099-12-31	\N
44500910	44500910	Maps to	2015-09-18	2099-12-31	\N
44500910	40488897	Is a	2015-09-18	2099-12-31	\N
44501195	44501195	Maps to	2015-09-18	2099-12-31	\N
44501195	44501195	Mapped from	2015-09-18	2099-12-31	\N
44501195	200962	Is a	2015-09-18	2099-12-31	\N
44501350	44501350	Maps to	2015-09-18	2099-12-31	\N
44501350	44501350	Mapped from	2015-09-18	2099-12-31	\N
44501350	200962	Is a	2015-09-18	2099-12-31	\N
44501366	44501366	Maps to	2015-09-18	2099-12-31	\N
44501366	44501366	Mapped from	2015-09-18	2099-12-31	\N
44501366	200962	Is a	2015-09-18	2099-12-31	\N
44501528	44501528	Mapped from	2015-09-18	2099-12-31	\N
44501528	44501528	Maps to	2015-09-18	2099-12-31	\N
44501528	200962	Is a	2015-09-18	2099-12-31	\N
44500494	200962	Is a	2015-09-18	2099-12-31	\N
44501544	44501544	Mapped from	2015-09-18	2099-12-31	\N
44501544	44501544	Maps to	2015-09-18	2099-12-31	\N
44501544	200962	Is a	2015-09-18	2099-12-31	\N
44501627	44501627	Maps to	2015-09-18	2099-12-31	\N
44501627	200962	Is a	2015-09-18	2099-12-31	\N
44501627	44501627	Mapped from	2015-09-18	2099-12-31	\N
44501968	200962	Is a	2015-09-18	2099-12-31	\N
44501968	44501968	Mapped from	2015-09-18	2099-12-31	\N
44501968	44501968	Maps to	2015-09-18	2099-12-31	\N
44502000	44502000	Mapped from	2015-09-18	2099-12-31	\N
44502000	44502000	Maps to	2015-09-18	2099-12-31	\N
44502000	200962	Is a	2015-09-18	2099-12-31	\N
44502035	44502035	Mapped from	2015-09-18	2099-12-31	\N
44502035	44502035	Maps to	2015-09-18	2099-12-31	\N
44502035	200962	Is a	2015-09-18	2099-12-31	\N
44502350	44502350	Mapped from	2015-09-18	2099-12-31	\N
44502350	200962	Is a	2015-09-18	2099-12-31	\N
44502350	44502350	Maps to	2015-09-18	2099-12-31	\N
44502766	44502766	Maps to	2015-09-18	2099-12-31	\N
44502766	44502766	Mapped from	2015-09-18	2099-12-31	\N
44502766	200962	Is a	2015-09-18	2099-12-31	\N
44503133	4116087	Is a	2015-09-18	2099-12-31	\N
44503133	44503133	Mapped from	2015-09-18	2099-12-31	\N
44503133	44503133	Maps to	2015-09-18	2099-12-31	\N
44503145	44503145	Mapped from	2015-09-18	2099-12-31	\N
44503145	200962	Is a	2015-09-18	2099-12-31	\N
44503145	44503145	Maps to	2015-09-18	2099-12-31	\N
44503555	44503555	Maps to	2015-09-18	2099-12-31	\N
44503555	44503555	Mapped from	2015-09-18	2099-12-31	\N
44503555	200962	Is a	2015-09-18	2099-12-31	\N
44503558	44503558	Mapped from	2015-09-18	2099-12-31	\N
44503558	44503558	Maps to	2015-09-18	2099-12-31	\N
44503558	200962	Is a	1970-01-01	2099-12-31	\N
44822887	200962	Maps to	2013-10-10	2099-12-31	\N
45524774	4116087	Maps to	1970-01-01	2099-12-31	\N
45525832	4161028	Maps to	1970-01-01	2099-12-31	\N
45526849	200962	Maps to	1970-01-01	2099-12-31	\N
45547509	200962	Maps to	2018-11-28	2099-12-31	\N
45910570	4161028	Maps to	1970-01-01	2099-12-31	\N
45930504	4116087	Maps to	1970-01-01	2099-12-31	\N
45955133	200962	Maps to	1970-01-01	2099-12-31	\N
\.


--
-- Data for Name: concept_synonym; Type: TABLE DATA; Schema: public; Owner: ohdsi
--

COPY concept_synonym (concept_id, concept_synonym_name, language_concept_id) FROM stdin;
197804	Primary malignant neoplasm of intra-abdominal organs (disorder)	4180186
200962	Primary malignant neoplasm of prostate (disorder)	4180186
4082919	Endometrioid carcinoma of prostate (disorder)	4180186
4116087	CA - Carcinoma of prostate	4180186
4116087	Carcinoma of prostate (disorder)	4180186
4116087	Prostate cancer	4180186
4116087	Prostate carcinoma	4180186
4161028	Adenocarcinoma of prostate (disorder)	4180186
4180186	English language (qualifier value)	4180186
4288534	Small cell carcinoma of prostate (disorder)	4180186
37016740	Carcinoma of prostate with bony metastases	4180186
37016740	Primary malignant neoplasm of prostate metastatic to bone	4180186
37016740	Primary malignant neoplasm of prostate metastatic to bone (disorder)	4180186
37311236	Duct adenocarcinoma of prostate	4180186
37311236	Ductal carcinoma of prostate	4180186
37311236	Infiltrating duct adenocarcinoma of prostate	4180186
37311236	Infiltrating duct carcinoma of prostate (disorder)	4180186
37311683	Acinar cell cystadenocarcinoma of prostate (disorder)	4180186
40320238	Carcinoma of prostate (disorder)	4180186
40486666	Non-Hodgkin lymphoma of prostate	4180186
40486666	Non-Hodgkin's lymphoma of prostate (disorder)	4180186
40488897	Diffuse non-Hodgkin lymphoma of prostate	4180186
40488897	Diffuse non-Hodgkin's lymphoma of prostate (disorder)	4180186
40488901	Follicular non-Hodgkin lymphoma of prostate	4180186
40488901	Follicular non-Hodgkin's lymphoma of prostate (disorder)	4180186
44822887	Malign neopl prostate	4180186
\.


--
-- Data for Name: domain; Type: TABLE DATA; Schema: public; Owner: ohdsi
--

COPY domain (domain_id, domain_name, domain_concept_id) FROM stdin;
Condition	Condition	19
Condition/Device	Condition/Device	235
Condition/Drug	Condition/Drug	53
Condition/Meas	Condition/Measurement	47
Condition/Obs	Condition/Observation	48
Condition/Procedure	Condition/Procedure	49
Cost	Cost	581456
Currency	Currency	34
Device	Device	17
Device/Drug	Device/Drug	50
Device/Obs	Device/Observation	45
Device/Procedure	Device/Procedure	41
Drug	Drug	13
Drug/Measurement	Drug/Measurement	51
Drug/Obs	Drug/Observation	52
Drug/Procedure	Drug/Procedure	54
Episode	Episode	32527
Ethnicity	Ethnicity	4
Gender	Gender	2
Geography	Geographical object	32558
Meas/Procedure	Measurement/Procedure	43
Measurement	Measurement	21
Measurement/Obs	Measurement/Observation	44
Meas Value	Measurement Value	24
Meas Value Operator	Measurement Value Operator	23
Metadata	Metadata	7
Modifier	Modifier	12
Observation	Observation	27
Obs/Procedure	Observation/Procedure	42
Payer	Payer - institution administering healthcare transactions	32477
Place of Service	Place of Service	32
Plan	Health Plan - contract to administer healthcare transactions by the payer, facilitated by the sponsor	32475
Plan Stop Reason	Plan Stop Reason - Reason for termination of the Health Plan	32478
Procedure	Procedure	10
Provider	Provider Specialty	33
Race	Race	3
Regimen	Treatment Regimen	32687
Relationship	Relationship	31
Revenue Code	Revenue Code	35
Route	Route Of Administration	15
Spec Anatomic Site	Specimen Anatomic Site	38
Spec Disease Status	Specimen Disease Status	39
Specimen	Specimen	36
Sponsor	Sponsor - institution or individual financing healthcare transactions	32476
Type Concept	Type Concept	58
Unit	Unit	16
Visit	Visit	8
Language	Language	33068
\.


--
-- Data for Name: drug_strength; Type: TABLE DATA; Schema: public; Owner: ohdsi
--

COPY drug_strength (drug_concept_id, ingredient_concept_id, amount_value, amount_unit_concept_id, numerator_value, numerator_unit_concept_id, denominator_value, denominator_unit_concept_id, box_size, valid_start_date, valid_end_date, invalid_reason) FROM stdin;
4180186	44502766	0	\N	10	44501528	\N	44501528	\N	1970-01-01	2099-12-31	\N
45547509	44501968	0	44501528	\N	\N	\N	\N	\N	1970-01-01	2099-12-31	\N
45910570	44502000	0	44501528	\N	\N	\N	\N	\N	1970-01-01	2099-12-31	\N
44818796	44503133	0	\N	0.2	44501528	\N	44501528	\N	1970-01-01	2099-12-31	\N
45955133	44502350	0	44501528	\N	\N	\N	\N	\N	1970-01-01	2099-12-31	\N
45930504	44502035	0	44501528	\N	\N	\N	\N	\N	1970-01-01	2099-12-31	\N
\.


--
-- Data for Name: relationship; Type: TABLE DATA; Schema: public; Owner: ohdsi
--

COPY relationship (relationship_id, relationship_name, is_hierarchical, defines_ancestry, reverse_relationship_id, relationship_concept_id) FROM stdin;
Concept same_as from	Active same_as inactive (SNOMED)	0	0	Concept same_as to	44818959
Concept same_as to	Inactive same_as active (SNOMED)	0	0	Concept same_as from	44818958
Is a	Is a	1	0	Subsumes	44818821
Mapped from	Standard to Non-standard map (OMOP)	0	0	Maps to	44818976
Maps to	Non-standard to Standard map (OMOP)	0	0	Mapped from	44818977
Subsumes	Subsumes	1	1	Is a	44818723
Using subst	Using substance (SNOMED)	0	0	Subst used by	44818959
Subst used by	Substance used by (SNOMED)	0	0	Using subst	44818959
Has proc context	Has procedure context (SNOMED)	0	0	Proc context of	44818959
Proc context of	Procedure context of (SNOMED)	0	0	Has proc context	44818959
Contained in	Is contained in (RxNorm)	1	1	Contains	44818959
Contains	Contains (RxNorm)	1	0	Contained in	44818959
\.